run_id,data_hora,caso,fase,rep,versao,threads,schedule,chunk,width,height,max_iter,real_a,real_b,imag_a,imag_b,tempo_calculo_s,tempo_escrita_s,carga_min,carga_media,carga_max,fator_balanceamento,trabalho_min,trabalho_media,trabalho_max,pedido_threads,pedido_schedule,pedido_chunk,hash,hash_ok,config_ok,tempo_wall_s,exe
"baseline_ini|sequencial|padrao|4096|t1|nenhum,0|r1",2026-09-20T22:42:04,padrao,baseline_ini,1,sequencial,1,nenhum,0,4096,4096,1000,-2,1,-1.5,1.5,7.003000021,0.048000097,7.003000021,7.003000021,7.003000021,0.000000,2895092789,2895092789.000,2895092789,1,nenhum,0,e50c4473b1256734f2a689a350cd056774c7a3aa5461a598bb12055c19c5c817,True,True,7.130,mandelbrot_seq_padrao_4096.exe
"baseline_ini|sequencial|padrao|4096|t1|nenhum,0|r2",2026-09-20T22:42:11,padrao,baseline_ini,2,sequencial,1,nenhum,0,4096,4096,1000,-2,1,-1.5,1.5,6.980000019,0.047999859,6.980000019,6.980000019,6.980000019,0.000000,2895092789,2895092789.000,2895092789,1,nenhum,0,e50c4473b1256734f2a689a350cd056774c7a3aa5461a598bb12055c19c5c817,True,True,7.041,mandelbrot_seq_padrao_4096.exe
"baseline_ini|sequencial|padrao|4096|t1|nenhum,0|r3",2026-09-20T22:42:18,padrao,baseline_ini,3,sequencial,1,nenhum,0,4096,4096,1000,-2,1,-1.5,1.5,6.936999798,0.042000055,6.936999798,6.936999798,6.936999798,0.000000,2895092789,2895092789.000,2895092789,1,nenhum,0,e50c4473b1256734f2a689a350cd056774c7a3aa5461a598bb12055c19c5c817,True,True,6.994,mandelbrot_seq_padrao_4096.exe
"baseline_ini|sequencial|padrao|4096|t1|nenhum,0|r4",2026-09-20T22:42:25,padrao,baseline_ini,4,sequencial,1,nenhum,0,4096,4096,1000,-2,1,-1.5,1.5,7.015000105,0.043999910,7.015000105,7.015000105,7.015000105,0.000000,2895092789,2895092789.000,2895092789,1,nenhum,0,e50c4473b1256734f2a689a350cd056774c7a3aa5461a598bb12055c19c5c817,True,True,7.076,mandelbrot_seq_padrao_4096.exe
"baseline_ini|sequencial|padrao|4096|t1|nenhum,0|r5",2026-09-20T22:42:33,padrao,baseline_ini,5,sequencial,1,nenhum,0,4096,4096,1000,-2,1,-1.5,1.5,7.036000013,0.039000034,7.036000013,7.036000013,7.036000013,0.000000,2895092789,2895092789.000,2895092789,1,nenhum,0,e50c4473b1256734f2a689a350cd056774c7a3aa5461a598bb12055c19c5c817,True,True,7.089,mandelbrot_seq_padrao_4096.exe
"baseline_ini|sequencial|padrao|4096|t1|nenhum,0|r6",2026-09-20T22:42:40,padrao,baseline_ini,6,sequencial,1,nenhum,0,4096,4096,1000,-2,1,-1.5,1.5,7.013999939,0.040999889,7.013999939,7.013999939,7.013999939,0.000000,2895092789,2895092789.000,2895092789,1,nenhum,0,e50c4473b1256734f2a689a350cd056774c7a3aa5461a598bb12055c19c5c817,True,True,7.070,mandelbrot_seq_padrao_4096.exe
"baseline_ini|sequencial|padrao|4096|t1|nenhum,0|r7",2026-09-20T22:42:47,padrao,baseline_ini,7,sequencial,1,nenhum,0,4096,4096,1000,-2,1,-1.5,1.5,6.973000050,0.040999889,6.973000050,6.973000050,6.973000050,0.000000,2895092789,2895092789.000,2895092789,1,nenhum,0,e50c4473b1256734f2a689a350cd056774c7a3aa5461a598bb12055c19c5c817,True,True,7.032,mandelbrot_seq_padrao_4096.exe
"medicao|openmp|padrao|4096|t12|dynamic,16|r1",2026-09-20T22:42:48,padrao,medicao,1,openmp,12,dynamic,16,4096,4096,1000,-2,1,-1.5,1.5,0.736999989,0.042999983,0.735000134,0.736833334,0.736999989,0.002714,217679657,241257732.417,259860108,12,dynamic,16,e50c4473b1256734f2a689a350cd056774c7a3aa5461a598bb12055c19c5c817,True,True,0.829,mandelbrot_omp_padrao_4096.exe
"medicao|openmp|padrao|4096|t12|static,16|r1",2026-09-20T22:42:49,padrao,medicao,1,openmp,12,static,16,4096,4096,1000,-2,1,-1.5,1.5,0.778000116,0.073999882,0.684999943,0.719999969,0.776999950,0.118404,239894689,241257732.417,243323173,12,static,16,e50c4473b1256734f2a689a350cd056774c7a3aa5461a598bb12055c19c5c817,True,True,0.868,mandelbrot_omp_padrao_4096.exe
"medicao|openmp|padrao|4096|t12|static,0|r1",2026-09-20T22:42:51,padrao,medicao,1,openmp,12,static,0,4096,4096,1000,-2,1,-1.5,1.5,1.874000072,0.040999889,0.007999897,0.637416641,1.874000072,0.995731,2626500,241257732.417,718283717,12,static,0,e50c4473b1256734f2a689a350cd056774c7a3aa5461a598bb12055c19c5c817,True,True,1.928,mandelbrot_omp_padrao_4096.exe
"medicao|openmp|padrao|4096|t12|static,64|r1",2026-09-20T22:42:52,padrao,medicao,1,openmp,12,static,64,4096,4096,1000,-2,1,-1.5,1.5,0.828999996,0.043999910,0.652999878,0.713916659,0.828000069,0.211353,216854723,241257732.417,277983627,12,static,64,e50c4473b1256734f2a689a350cd056774c7a3aa5461a598bb12055c19c5c817,True,True,0.887,mandelbrot_omp_padrao_4096.exe
"medicao|openmp|padrao|4096|t2|static,0|r1",2026-09-20T22:42:55,padrao,medicao,1,openmp,2,static,0,4096,4096,1000,-2,1,-1.5,1.5,3.611000061,0.040999889,3.608999968,3.610000014,3.611000061,0.000554,1447546230,1447546394.500,1447546559,2,static,0,e50c4473b1256734f2a689a350cd056774c7a3aa5461a598bb12055c19c5c817,True,True,3.665,mandelbrot_omp_padrao_4096.exe
"medicao|openmp|padrao|4096|t6|guided,4|r1",2026-09-20T22:42:58,padrao,medicao,1,openmp,6,guided,4,4096,4096,1000,-2,1,-1.5,1.5,2.177000046,0.042999983,0.529999971,1.267333309,2.177000046,0.756546,199195041,482515464.833,849581425,6,guided,4,e50c4473b1256734f2a689a350cd056774c7a3aa5461a598bb12055c19c5c817,True,True,2.234,mandelbrot_omp_padrao_4096.exe
"medicao|openmp|padrao|4096|t6|dynamic,64|r1",2026-09-20T22:42:59,padrao,medicao,1,openmp,6,dynamic,64,4096,4096,1000,-2,1,-1.5,1.5,1.296999931,0.046999931,1.273000002,1.279999971,1.296000004,0.017747,479336595,482515464.833,489403038,6,dynamic,64,e50c4473b1256734f2a689a350cd056774c7a3aa5461a598bb12055c19c5c817,True,True,1.358,mandelbrot_omp_padrao_4096.exe
"medicao|openmp|padrao|4096|t12|guided,4|r1",2026-09-20T22:43:00,padrao,medicao,1,openmp,12,guided,4,4096,4096,1000,-2,1,-1.5,1.5,1.111000061,0.040999889,0.265000105,0.666916748,1.110000134,0.761261,94543437,241257732.417,411959271,12,guided,4,e50c4473b1256734f2a689a350cd056774c7a3aa5461a598bb12055c19c5c817,True,True,1.167,mandelbrot_omp_padrao_4096.exe
"medicao|openmp|padrao|4096|t8|dynamic,16|r1",2026-09-20T22:43:01,padrao,medicao,1,openmp,8,dynamic,16,4096,4096,1000,-2,1,-1.5,1.5,0.983000040,0.043999910,0.982000113,0.982000113,0.982000113,0.000000,360514912,361886598.625,362580729,8,dynamic,16,e50c4473b1256734f2a689a350cd056774c7a3aa5461a598bb12055c19c5c817,True,True,1.041,mandelbrot_omp_padrao_4096.exe
"medicao|openmp|padrao|4096|t8|static,0|r1",2026-09-20T22:43:04,padrao,medicao,1,openmp,8,static,0,4096,4096,1000,-2,1,-1.5,1.5,2.482999802,0.040000200,0.009999990,0.931249857,2.482999802,0.995973,4290932,361886598.625,972289686,8,static,0,e50c4473b1256734f2a689a350cd056774c7a3aa5461a598bb12055c19c5c817,True,True,2.538,mandelbrot_omp_padrao_4096.exe
"medicao|openmp|padrao|4096|t12|guided,64|r1",2026-09-20T22:43:05,padrao,medicao,1,openmp,12,guided,64,4096,4096,1000,-2,1,-1.5,1.5,1.121999979,0.042000055,0.302000046,0.683249970,1.119999886,0.730357,82823201,241257732.417,411959271,12,guided,64,e50c4473b1256734f2a689a350cd056774c7a3aa5461a598bb12055c19c5c817,True,True,1.177,mandelbrot_omp_padrao_4096.exe
"medicao|openmp|padrao|4096|t2|static,1|r1",2026-09-20T22:43:09,padrao,medicao,1,openmp,2,static,1,4096,4096,1000,-2,1,-1.5,1.5,3.604000092,0.046999931,3.604000092,3.604000092,3.604000092,0.000000,1447546204,1447546394.500,1447546585,2,static,1,e50c4473b1256734f2a689a350cd056774c7a3aa5461a598bb12055c19c5c817,True,True,3.670,mandelbrot_omp_padrao_4096.exe
"medicao|openmp|padrao|4096|t4|static,1|r1",2026-09-20T22:43:11,padrao,medicao,1,openmp,4,static,1,4096,4096,1000,-2,1,-1.5,1.5,1.894000053,0.040999889,1.884000063,1.887500107,1.894000053,0.005280,723751348,723773197.250,723794999,4,static,1,e50c4473b1256734f2a689a350cd056774c7a3aa5461a598bb12055c19c5c817,True,True,1.951,mandelbrot_omp_padrao_4096.exe
"medicao|openmp|padrao|4096|t12|dynamic,64|r1",2026-09-20T22:43:12,padrao,medicao,1,openmp,12,dynamic,64,4096,4096,1000,-2,1,-1.5,1.5,0.778000116,0.039999962,0.668999910,0.696916580,0.776999950,0.138996,226657846,241257732.417,277228604,12,dynamic,64,e50c4473b1256734f2a689a350cd056774c7a3aa5461a598bb12055c19c5c817,True,True,0.832,mandelbrot_omp_padrao_4096.exe
"medicao|openmp|padrao|4096|t2|guided,1|r1",2026-09-20T22:43:16,padrao,medicao,1,openmp,2,guided,1,4096,4096,1000,-2,1,-1.5,1.5,3.607000113,0.043999910,3.604000092,3.605500102,3.607000113,0.000832,1447546230,1447546394.500,1447546559,2,guided,1,e50c4473b1256734f2a689a350cd056774c7a3aa5461a598bb12055c19c5c817,True,True,3.665,mandelbrot_omp_padrao_4096.exe
"medicao|openmp|padrao|4096|t8|static,1|r1",2026-09-20T22:43:17,padrao,medicao,1,openmp,8,static,1,4096,4096,1000,-2,1,-1.5,1.5,0.990000010,0.039999962,0.985000134,0.988125116,0.990000010,0.005050,361779769,361886598.625,361971817,8,static,1,e50c4473b1256734f2a689a350cd056774c7a3aa5461a598bb12055c19c5c817,True,True,1.048,mandelbrot_omp_padrao_4096.exe
"medicao|openmp|padrao|4096|t6|dynamic,16|r1",2026-09-20T22:43:18,padrao,medicao,1,openmp,6,dynamic,16,4096,4096,1000,-2,1,-1.5,1.5,1.289999962,0.040000200,1.289999962,1.289999962,1.289999962,0.000000,480948027,482515464.833,483797736,6,dynamic,16,e50c4473b1256734f2a689a350cd056774c7a3aa5461a598bb12055c19c5c817,True,True,1.346,mandelbrot_omp_padrao_4096.exe
"medicao|openmp|padrao|4096|t6|static,1|r1",2026-09-20T22:43:20,padrao,medicao,1,openmp,6,static,1,4096,4096,1000,-2,1,-1.5,1.5,1.289999962,0.042000055,1.282999992,1.286666632,1.289999962,0.005426,482506261,482515464.833,482524461,6,static,1,e50c4473b1256734f2a689a350cd056774c7a3aa5461a598bb12055c19c5c817,True,True,1.347,mandelbrot_omp_padrao_4096.exe
"medicao|openmp|padrao|4096|t12|dynamic,4|r1",2026-09-20T22:43:21,padrao,medicao,1,openmp,12,dynamic,4,4096,4096,1000,-2,1,-1.5,1.5,0.722000122,0.046999931,0.720000029,0.720833480,0.721000195,0.001387,226254208,241257732.417,256353673,12,dynamic,4,e50c4473b1256734f2a689a350cd056774c7a3aa5461a598bb12055c19c5c817,True,True,0.787,mandelbrot_omp_padrao_4096.exe
"medicao|openmp|padrao|4096|t6|dynamic,256|r1",2026-09-20T22:43:22,padrao,medicao,1,openmp,6,dynamic,256,4096,4096,1000,-2,1,-1.5,1.5,1.469000101,0.043999910,1.158999920,1.275666555,1.467999935,0.210490,435124639,482515464.833,558949047,6,dynamic,256,e50c4473b1256734f2a689a350cd056774c7a3aa5461a598bb12055c19c5c817,True,True,1.526,mandelbrot_omp_padrao_4096.exe
"medicao|openmp|padrao|4096|t6|dynamic,4|r1",2026-09-20T22:43:24,padrao,medicao,1,openmp,6,dynamic,4,4096,4096,1000,-2,1,-1.5,1.5,1.286000013,0.040999889,1.286000013,1.286000013,1.286000013,0.000000,480177868,482515464.833,483587033,6,dynamic,4,e50c4473b1256734f2a689a350cd056774c7a3aa5461a598bb12055c19c5c817,True,True,1.344,mandelbrot_omp_padrao_4096.exe
"medicao|openmp|padrao|4096|t12|guided,1|r1",2026-09-20T22:43:25,padrao,medicao,1,openmp,12,guided,1,4096,4096,1000,-2,1,-1.5,1.5,1.112000227,0.039999962,0.270000219,0.664500137,1.112000227,0.757194,94485235,241257732.417,411959271,12,guided,1,e50c4473b1256734f2a689a350cd056774c7a3aa5461a598bb12055c19c5c817,True,True,1.166,mandelbrot_omp_padrao_4096.exe
"medicao|openmp|padrao|4096|t6|static,16|r1",2026-09-20T22:43:26,padrao,medicao,1,openmp,6,static,16,4096,4096,1000,-2,1,-1.5,1.5,1.296999931,0.044000149,1.279000044,1.286500017,1.296999931,0.013878,480487748,482515464.833,485389628,6,static,16,e50c4473b1256734f2a689a350cd056774c7a3aa5461a598bb12055c19c5c817,True,True,1.356,mandelbrot_omp_padrao_4096.exe
"medicao|openmp|padrao|4096|t1|dynamic,1|r1",2026-09-20T22:43:33,padrao,medicao,1,openmp,1,dynamic,1,4096,4096,1000,-2,1,-1.5,1.5,6.971000195,0.039999962,6.971000195,6.971000195,6.971000195,0.000000,2895092789,2895092789.000,2895092789,1,dynamic,1,e50c4473b1256734f2a689a350cd056774c7a3aa5461a598bb12055c19c5c817,True,True,7.024,mandelbrot_omp_padrao_4096.exe
"medicao|openmp|padrao|4096|t4|guided,1|r1",2026-09-20T22:43:37,padrao,medicao,1,openmp,4,guided,1,4096,4096,1000,-2,1,-1.5,1.5,3.095999956,0.039999962,0.565999985,1.835999966,3.095999956,0.817183,222260573,723773197.250,1234556368,4,guided,1,e50c4473b1256734f2a689a350cd056774c7a3aa5461a598bb12055c19c5c817,True,True,3.151,mandelbrot_omp_padrao_4096.exe
"medicao|openmp|padrao|4096|t12|static,4|r1",2026-09-20T22:43:37,padrao,medicao,1,openmp,12,static,4,4096,4096,1000,-2,1,-1.5,1.5,0.733000040,0.069999933,0.679000139,0.700500071,0.732000113,0.072404,240651390,241257732.417,241844377,12,static,4,e50c4473b1256734f2a689a350cd056774c7a3aa5461a598bb12055c19c5c817,True,True,0.819,mandelbrot_omp_padrao_4096.exe
"medicao|openmp|padrao|4096|t12|static,256|r1",2026-09-20T22:43:39,padrao,medicao,1,openmp,12,static,256,4096,4096,1000,-2,1,-1.5,1.5,1.462000132,0.039999962,0.021000147,0.644750079,1.462000132,0.985636,6086561,241257732.417,555254441,12,static,256,e50c4473b1256734f2a689a350cd056774c7a3aa5461a598bb12055c19c5c817,True,True,1.515,mandelbrot_omp_padrao_4096.exe
"medicao|openmp|padrao|4096|t6|guided,1|r1",2026-09-20T22:43:41,padrao,medicao,1,openmp,6,guided,1,4096,4096,1000,-2,1,-1.5,1.5,2.182000160,0.039999962,0.521000147,1.254666766,2.182000160,0.761228,199195041,482515464.833,849581425,6,guided,1,e50c4473b1256734f2a689a350cd056774c7a3aa5461a598bb12055c19c5c817,True,True,2.237,mandelbrot_omp_padrao_4096.exe
"medicao|openmp|padrao|4096|t6|guided,64|r1",2026-09-20T22:43:44,padrao,medicao,1,openmp,6,guided,64,4096,4096,1000,-2,1,-1.5,1.5,2.177000046,0.039999962,0.520000219,1.254000107,2.177000046,0.761139,199195041,482515464.833,849581425,6,guided,64,e50c4473b1256734f2a689a350cd056774c7a3aa5461a598bb12055c19c5c817,True,True,2.232,mandelbrot_omp_padrao_4096.exe
"medicao|openmp|padrao|4096|t6|static,0|r1",2026-09-20T22:43:47,padrao,medicao,1,openmp,6,static,0,4096,4096,1000,-2,1,-1.5,1.5,2.993999958,0.039000034,0.013000011,1.221833229,2.992999792,0.995657,6649179,482515464.833,1189490404,6,static,0,e50c4473b1256734f2a689a350cd056774c7a3aa5461a598bb12055c19c5c817,True,True,3.047,mandelbrot_omp_padrao_4096.exe
"medicao|openmp|padrao|4096|t12|dynamic,1|r1",2026-09-20T22:43:48,padrao,medicao,1,openmp,12,dynamic,1,4096,4096,1000,-2,1,-1.5,1.5,0.699000120,0.043999910,0.696000099,0.697833300,0.697999954,0.002865,224626535,241257732.417,246525827,12,dynamic,1,e50c4473b1256734f2a689a350cd056774c7a3aa5461a598bb12055c19c5c817,True,True,0.761,mandelbrot_omp_padrao_4096.exe
"medicao|openmp|padrao|4096|t6|dynamic,1|r1",2026-09-20T22:43:49,padrao,medicao,1,openmp,6,dynamic,1,4096,4096,1000,-2,1,-1.5,1.5,1.286000013,0.040999889,1.284999847,1.284999847,1.284999847,0.000000,480706048,482515464.833,484283606,6,dynamic,1,e50c4473b1256734f2a689a350cd056774c7a3aa5461a598bb12055c19c5c817,True,True,1.344,mandelbrot_omp_padrao_4096.exe
"medicao|openmp|padrao|4096|t4|dynamic,1|r1",2026-09-20T22:43:51,padrao,medicao,1,openmp,4,dynamic,1,4096,4096,1000,-2,1,-1.5,1.5,1.878999949,0.039000034,1.878000021,1.878000021,1.878000021,0.000000,721118115,723773197.250,725766671,4,dynamic,1,e50c4473b1256734f2a689a350cd056774c7a3aa5461a598bb12055c19c5c817,True,True,1.933,mandelbrot_omp_padrao_4096.exe
"medicao|openmp|padrao|4096|t8|guided,1|r1",2026-09-20T22:43:53,padrao,medicao,1,openmp,8,guided,1,4096,4096,1000,-2,1,-1.5,1.5,1.625999928,0.042000055,0.378999949,0.978999943,1.625999928,0.766913,135801095,361886598.625,617593212,8,guided,1,e50c4473b1256734f2a689a350cd056774c7a3aa5461a598bb12055c19c5c817,True,True,1.683,mandelbrot_omp_padrao_4096.exe
"medicao|openmp|padrao|4096|t6|static,4|r1",2026-09-20T22:43:54,padrao,medicao,1,openmp,6,static,4,4096,4096,1000,-2,1,-1.5,1.5,1.290000200,0.039999962,1.280999899,1.284999967,1.289000034,0.006206,482459219,482515464.833,482591146,6,static,4,e50c4473b1256734f2a689a350cd056774c7a3aa5461a598bb12055c19c5c817,True,True,1.347,mandelbrot_omp_padrao_4096.exe
"medicao|openmp|padrao|4096|t8|dynamic,1|r1",2026-09-20T22:43:55,padrao,medicao,1,openmp,8,dynamic,1,4096,4096,1000,-2,1,-1.5,1.5,0.980999947,0.044000149,0.980999947,0.980999947,0.980999947,0.000000,361063110,361886598.625,363050302,8,dynamic,1,e50c4473b1256734f2a689a350cd056774c7a3aa5461a598bb12055c19c5c817,True,True,1.041,mandelbrot_omp_padrao_4096.exe
"medicao|openmp|padrao|4096|t4|dynamic,16|r1",2026-09-20T22:43:57,padrao,medicao,1,openmp,4,dynamic,16,4096,4096,1000,-2,1,-1.5,1.5,1.891000032,0.039000034,1.890000105,1.890500069,1.891000032,0.000529,722501061,723773197.250,724949224,4,dynamic,16,e50c4473b1256734f2a689a350cd056774c7a3aa5461a598bb12055c19c5c817,True,True,1.945,mandelbrot_omp_padrao_4096.exe
"medicao|openmp|padrao|4096|t12|dynamic,256|r1",2026-09-20T22:43:59,padrao,medicao,1,openmp,12,dynamic,256,4096,4096,1000,-2,1,-1.5,1.5,1.472000122,0.039999962,0.017999887,0.654083391,1.471000195,0.987764,3694606,241257732.417,557153418,12,dynamic,256,e50c4473b1256734f2a689a350cd056774c7a3aa5461a598bb12055c19c5c817,True,True,1.530,mandelbrot_omp_padrao_4096.exe
"medicao|openmp|padrao|4096|t6|guided,16|r1",2026-09-20T22:44:01,padrao,medicao,1,openmp,6,guided,16,4096,4096,1000,-2,1,-1.5,1.5,2.167999983,0.039999962,0.519999981,1.249333342,2.167000055,0.760037,199195041,482515464.833,849581425,6,guided,16,e50c4473b1256734f2a689a350cd056774c7a3aa5461a598bb12055c19c5c817,True,True,2.222,mandelbrot_omp_padrao_4096.exe
"medicao|openmp|padrao|4096|t4|static,0|r1",2026-09-20T22:44:05,padrao,medicao,1,openmp,4,static,0,4096,4096,1000,-2,1,-1.5,1.5,3.486999989,0.039000034,0.101000071,1.794750094,3.486000061,0.971027,42523279,723773197.250,1405022951,4,static,0,e50c4473b1256734f2a689a350cd056774c7a3aa5461a598bb12055c19c5c817,True,True,3.541,mandelbrot_omp_padrao_4096.exe
"medicao|openmp|padrao|4096|t6|static,256|r1",2026-09-20T22:44:06,padrao,medicao,1,openmp,6,static,256,4096,4096,1000,-2,1,-1.5,1.5,1.476000071,0.037999868,1.153000116,1.275666714,1.476000071,0.218835,432732684,482515464.833,561341002,6,static,256,e50c4473b1256734f2a689a350cd056774c7a3aa5461a598bb12055c19c5c817,True,True,1.528,mandelbrot_omp_padrao_4096.exe
"medicao|openmp|padrao|4096|t12|static,1|r1",2026-09-20T22:44:07,padrao,medicao,1,openmp,12,static,1,4096,4096,1000,-2,1,-1.5,1.5,0.835999966,0.045000076,0.703000069,0.752916674,0.835999966,0.159091,241212351,241257732.417,241297033,12,static,1,e50c4473b1256734f2a689a350cd056774c7a3aa5461a598bb12055c19c5c817,True,True,0.900,mandelbrot_omp_padrao_4096.exe
"medicao|openmp|padrao|4096|t6|static,64|r1",2026-09-20T22:44:09,padrao,medicao,1,openmp,6,static,64,4096,4096,1000,-2,1,-1.5,1.5,1.314000130,0.046000004,1.249000072,1.282000065,1.314000130,0.049467,470080461,482515464.833,494838350,6,static,64,e50c4473b1256734f2a689a350cd056774c7a3aa5461a598bb12055c19c5c817,True,True,1.374,mandelbrot_omp_padrao_4096.exe
"medicao|openmp|padrao|4096|t2|dynamic,1|r1",2026-09-20T22:44:13,padrao,medicao,1,openmp,2,dynamic,1,4096,4096,1000,-2,1,-1.5,1.5,3.638000011,0.040000200,3.638000011,3.638000011,3.638000011,0.000000,1447497120,1447546394.500,1447595669,2,dynamic,1,e50c4473b1256734f2a689a350cd056774c7a3aa5461a598bb12055c19c5c817,True,True,3.694,mandelbrot_omp_padrao_4096.exe
"medicao|openmp|padrao|4096|t12|guided,16|r1",2026-09-20T22:44:14,padrao,medicao,1,openmp,12,guided,16,4096,4096,1000,-2,1,-1.5,1.5,1.143000126,0.040999889,0.263999939,0.676249901,1.141999960,0.768827,94543437,241257732.417,411959271,12,guided,16,e50c4473b1256734f2a689a350cd056774c7a3aa5461a598bb12055c19c5c817,True,True,1.198,mandelbrot_omp_padrao_4096.exe
"medicao|openmp|padrao|4096|t2|dynamic,16|r1",2026-09-20T22:44:18,padrao,medicao,1,openmp,2,dynamic,16,4096,4096,1000,-2,1,-1.5,1.5,3.604000092,0.041999817,3.602999926,3.603500009,3.604000092,0.000278,1446999072,1447546394.500,1448093717,2,dynamic,16,e50c4473b1256734f2a689a350cd056774c7a3aa5461a598bb12055c19c5c817,True,True,3.662,mandelbrot_omp_padrao_4096.exe
"medicao|openmp|padrao|4096|t4|guided,1|r2",2026-09-20T22:44:21,padrao,medicao,2,openmp,4,guided,1,4096,4096,1000,-2,1,-1.5,1.5,3.085999966,0.041000128,0.569000006,1.832749963,3.085999966,0.815619,222260573,723773197.250,1234556368,4,guided,1,e50c4473b1256734f2a689a350cd056774c7a3aa5461a598bb12055c19c5c817,True,True,3.141,mandelbrot_omp_padrao_4096.exe
"medicao|openmp|padrao|4096|t6|static,4|r2",2026-09-20T22:44:22,padrao,medicao,2,openmp,6,static,4,4096,4096,1000,-2,1,-1.5,1.5,1.289000034,0.041000128,1.282999992,1.285833399,1.289000034,0.004655,482459219,482515464.833,482591146,6,static,4,e50c4473b1256734f2a689a350cd056774c7a3aa5461a598bb12055c19c5c817,True,True,1.348,mandelbrot_omp_padrao_4096.exe
"medicao|openmp|padrao|4096|t4|static,1|r2",2026-09-20T22:44:24,padrao,medicao,2,openmp,4,static,1,4096,4096,1000,-2,1,-1.5,1.5,1.879999876,0.065999985,1.868999958,1.873999953,1.879999876,0.005851,723751348,723773197.250,723794999,4,static,1,e50c4473b1256734f2a689a350cd056774c7a3aa5461a598bb12055c19c5c817,True,True,1.966,mandelbrot_omp_padrao_4096.exe
"medicao|openmp|padrao|4096|t6|static,0|r2",2026-09-20T22:44:27,padrao,medicao,2,openmp,6,static,0,4096,4096,1000,-2,1,-1.5,1.5,2.996000051,0.042000055,0.009999990,1.219333331,2.996000051,0.996662,6649179,482515464.833,1189490404,6,static,0,e50c4473b1256734f2a689a350cd056774c7a3aa5461a598bb12055c19c5c817,True,True,3.052,mandelbrot_omp_padrao_4096.exe
"medicao|openmp|padrao|4096|t4|dynamic,1|r2",2026-09-20T22:44:29,padrao,medicao,2,openmp,4,dynamic,1,4096,4096,1000,-2,1,-1.5,1.5,1.884999990,0.040999889,1.884000063,1.884000063,1.884000063,0.000000,722432170,723773197.250,725213251,4,dynamic,1,e50c4473b1256734f2a689a350cd056774c7a3aa5461a598bb12055c19c5c817,True,True,1.942,mandelbrot_omp_padrao_4096.exe
"medicao|openmp|padrao|4096|t2|static,1|r2",2026-09-20T22:44:33,padrao,medicao,2,openmp,2,static,1,4096,4096,1000,-2,1,-1.5,1.5,3.609000206,0.045999765,3.609000206,3.609000206,3.609000206,0.000000,1447546204,1447546394.500,1447546585,2,static,1,e50c4473b1256734f2a689a350cd056774c7a3aa5461a598bb12055c19c5c817,True,True,3.672,mandelbrot_omp_padrao_4096.exe
"medicao|openmp|padrao|4096|t12|guided,16|r2",2026-09-20T22:44:34,padrao,medicao,2,openmp,12,guided,16,4096,4096,1000,-2,1,-1.5,1.5,1.106999874,0.041000128,0.277999878,0.662583252,1.106999874,0.748871,94317350,241257732.417,411959271,12,guided,16,e50c4473b1256734f2a689a350cd056774c7a3aa5461a598bb12055c19c5c817,True,True,1.161,mandelbrot_omp_padrao_4096.exe
"medicao|openmp|padrao|4096|t6|dynamic,256|r2",2026-09-20T22:44:36,padrao,medicao,2,openmp,6,dynamic,256,4096,4096,1000,-2,1,-1.5,1.5,1.470000029,0.039999962,1.160000086,1.276999990,1.470000029,0.210884,435125823,482515464.833,558949047,6,dynamic,256,e50c4473b1256734f2a689a350cd056774c7a3aa5461a598bb12055c19c5c817,True,True,1.525,mandelbrot_omp_padrao_4096.exe
"medicao|openmp|padrao|4096|t4|dynamic,16|r2",2026-09-20T22:44:38,padrao,medicao,2,openmp,4,dynamic,16,4096,4096,1000,-2,1,-1.5,1.5,1.891000032,0.040999889,1.890000105,1.890000105,1.890000105,0.000000,720316453,723773197.250,726467695,4,dynamic,16,e50c4473b1256734f2a689a350cd056774c7a3aa5461a598bb12055c19c5c817,True,True,1.948,mandelbrot_omp_padrao_4096.exe
"medicao|openmp|padrao|4096|t6|dynamic,1|r2",2026-09-20T22:44:39,padrao,medicao,2,openmp,6,dynamic,1,4096,4096,1000,-2,1,-1.5,1.5,1.289000034,0.040999889,1.288000107,1.288000107,1.288000107,0.000000,480899243,482515464.833,484680992,6,dynamic,1,e50c4473b1256734f2a689a350cd056774c7a3aa5461a598bb12055c19c5c817,True,True,1.346,mandelbrot_omp_padrao_4096.exe
"medicao|openmp|padrao|4096|t2|dynamic,1|r2",2026-09-20T22:44:43,padrao,medicao,2,openmp,2,dynamic,1,4096,4096,1000,-2,1,-1.5,1.5,3.595999956,0.040999889,3.595999956,3.595999956,3.595999956,0.000000,1446382073,1447546394.500,1448710716,2,dynamic,1,e50c4473b1256734f2a689a350cd056774c7a3aa5461a598bb12055c19c5c817,True,True,3.654,mandelbrot_omp_padrao_4096.exe
"medicao|openmp|padrao|4096|t12|guided,4|r2",2026-09-20T22:44:44,padrao,medicao,2,openmp,12,guided,4,4096,4096,1000,-2,1,-1.5,1.5,1.138999939,0.039999962,0.299000025,0.686749955,1.138999939,0.737489,90640848,241257732.417,411959271,12,guided,4,e50c4473b1256734f2a689a350cd056774c7a3aa5461a598bb12055c19c5c817,True,True,1.194,mandelbrot_omp_padrao_4096.exe
"medicao|openmp|padrao|4096|t2|guided,1|r2",2026-09-20T22:44:48,padrao,medicao,2,openmp,2,guided,1,4096,4096,1000,-2,1,-1.5,1.5,3.619000196,0.039999962,3.618000031,3.618500113,3.619000196,0.000276,1447546230,1447546394.500,1447546559,2,guided,1,e50c4473b1256734f2a689a350cd056774c7a3aa5461a598bb12055c19c5c817,True,True,3.674,mandelbrot_omp_padrao_4096.exe
"medicao|openmp|padrao|4096|t6|dynamic,64|r2",2026-09-20T22:44:50,padrao,medicao,2,openmp,6,dynamic,64,4096,4096,1000,-2,1,-1.5,1.5,1.299000025,0.040999889,1.279000044,1.283333341,1.299000025,0.015396,477955236,482515464.833,489411429,6,dynamic,64,e50c4473b1256734f2a689a350cd056774c7a3aa5461a598bb12055c19c5c817,True,True,1.354,mandelbrot_omp_padrao_4096.exe
"medicao|openmp|padrao|4096|t12|dynamic,4|r2",2026-09-20T22:44:50,padrao,medicao,2,openmp,12,dynamic,4,4096,4096,1000,-2,1,-1.5,1.5,0.700999975,0.041999817,0.699000120,0.700749993,0.700999975,0.002853,235725800,241257732.417,247673074,12,dynamic,4,e50c4473b1256734f2a689a350cd056774c7a3aa5461a598bb12055c19c5c817,True,True,0.760,mandelbrot_omp_padrao_4096.exe
"medicao|openmp|padrao|4096|t12|guided,64|r2",2026-09-20T22:44:52,padrao,medicao,2,openmp,12,guided,64,4096,4096,1000,-2,1,-1.5,1.5,1.110999823,0.042000055,0.273000002,0.680999915,1.110999823,0.754275,94543437,241257732.417,411959271,12,guided,64,e50c4473b1256734f2a689a350cd056774c7a3aa5461a598bb12055c19c5c817,True,True,1.167,mandelbrot_omp_padrao_4096.exe
"medicao|openmp|padrao|4096|t1|dynamic,1|r2",2026-09-20T22:44:59,padrao,medicao,2,openmp,1,dynamic,1,4096,4096,1000,-2,1,-1.5,1.5,6.986000061,0.038999796,6.986000061,6.986000061,6.986000061,0.000000,2895092789,2895092789.000,2895092789,1,dynamic,1,e50c4473b1256734f2a689a350cd056774c7a3aa5461a598bb12055c19c5c817,True,True,7.039,mandelbrot_omp_padrao_4096.exe
"medicao|openmp|padrao|4096|t12|static,64|r2",2026-09-20T22:45:00,padrao,medicao,2,openmp,12,static,64,4096,4096,1000,-2,1,-1.5,1.5,0.829999924,0.042000055,0.615000010,0.697583357,0.828999996,0.258142,216854723,241257732.417,277983627,12,static,64,e50c4473b1256734f2a689a350cd056774c7a3aa5461a598bb12055c19c5c817,True,True,0.887,mandelbrot_omp_padrao_4096.exe
"medicao|openmp|padrao|4096|t2|static,0|r2",2026-09-20T22:45:03,padrao,medicao,2,openmp,2,static,0,4096,4096,1000,-2,1,-1.5,1.5,3.606999874,0.040000200,3.598999977,3.602499962,3.605999947,0.001941,1447546230,1447546394.500,1447546559,2,static,0,e50c4473b1256734f2a689a350cd056774c7a3aa5461a598bb12055c19c5c817,True,True,3.660,mandelbrot_omp_padrao_4096.exe
"medicao|openmp|padrao|4096|t8|static,1|r2",2026-09-20T22:45:05,padrao,medicao,2,openmp,8,static,1,4096,4096,1000,-2,1,-1.5,1.5,1.014999866,0.039999962,0.991999865,1.003374934,1.013999939,0.021696,361779769,361886598.625,361971817,8,static,1,e50c4473b1256734f2a689a350cd056774c7a3aa5461a598bb12055c19c5c817,True,True,1.070,mandelbrot_omp_padrao_4096.exe
"medicao|openmp|padrao|4096|t6|guided,16|r2",2026-09-20T22:45:07,padrao,medicao,2,openmp,6,guided,16,4096,4096,1000,-2,1,-1.5,1.5,2.162999868,0.041000128,0.519000053,1.249333342,2.161999941,0.759944,199195041,482515464.833,849581425,6,guided,16,e50c4473b1256734f2a689a350cd056774c7a3aa5461a598bb12055c19c5c817,True,True,2.219,mandelbrot_omp_padrao_4096.exe
"medicao|openmp|padrao|4096|t8|dynamic,1|r2",2026-09-20T22:45:08,padrao,medicao,2,openmp,8,dynamic,1,4096,4096,1000,-2,1,-1.5,1.5,0.980000019,0.044000149,0.980000019,0.980000019,0.980000019,0.000000,360574878,361886598.625,363024246,8,dynamic,1,e50c4473b1256734f2a689a350cd056774c7a3aa5461a598bb12055c19c5c817,True,True,1.042,mandelbrot_omp_padrao_4096.exe
"medicao|openmp|padrao|4096|t6|dynamic,4|r2",2026-09-20T22:45:09,padrao,medicao,2,openmp,6,dynamic,4,4096,4096,1000,-2,1,-1.5,1.5,1.285000086,0.041000128,1.285000086,1.285000086,1.285000086,0.000000,480709476,482515464.833,484565344,6,dynamic,4,e50c4473b1256734f2a689a350cd056774c7a3aa5461a598bb12055c19c5c817,True,True,1.343,mandelbrot_omp_padrao_4096.exe
"medicao|openmp|padrao|4096|t6|static,256|r2",2026-09-20T22:45:11,padrao,medicao,2,openmp,6,static,256,4096,4096,1000,-2,1,-1.5,1.5,1.474999905,0.038000107,1.147000074,1.274000009,1.474999905,0.222373,432732684,482515464.833,561341002,6,static,256,e50c4473b1256734f2a689a350cd056774c7a3aa5461a598bb12055c19c5c817,True,True,1.527,mandelbrot_omp_padrao_4096.exe
"medicao|openmp|padrao|4096|t6|static,16|r2",2026-09-20T22:45:12,padrao,medicao,2,openmp,6,static,16,4096,4096,1000,-2,1,-1.5,1.5,1.289999962,0.040999889,1.277999878,1.282999953,1.289999962,0.009302,480487748,482515464.833,485389628,6,static,16,e50c4473b1256734f2a689a350cd056774c7a3aa5461a598bb12055c19c5c817,True,True,1.348,mandelbrot_omp_padrao_4096.exe
"medicao|openmp|padrao|4096|t4|static,0|r2",2026-09-20T22:45:16,padrao,medicao,2,openmp,4,static,0,4096,4096,1000,-2,1,-1.5,1.5,3.524999857,0.042999983,0.102999926,1.811249971,3.523999929,0.970772,42523279,723773197.250,1405022951,4,static,0,e50c4473b1256734f2a689a350cd056774c7a3aa5461a598bb12055c19c5c817,True,True,3.582,mandelbrot_omp_padrao_4096.exe
"medicao|openmp|padrao|4096|t12|dynamic,1|r2",2026-09-20T22:45:17,padrao,medicao,2,openmp,12,dynamic,1,4096,4096,1000,-2,1,-1.5,1.5,0.708999872,0.072000027,0.705999851,0.707833270,0.707999945,0.002825,233409354,241257732.417,249588925,12,dynamic,1,e50c4473b1256734f2a689a350cd056774c7a3aa5461a598bb12055c19c5c817,True,True,0.798,mandelbrot_omp_padrao_4096.exe
"medicao|openmp|padrao|4096|t6|static,64|r2",2026-09-20T22:45:18,padrao,medicao,2,openmp,6,static,64,4096,4096,1000,-2,1,-1.5,1.5,1.318000078,0.044000149,1.253000021,1.283833424,1.318000078,0.049317,470080461,482515464.833,494838350,6,static,64,e50c4473b1256734f2a689a350cd056774c7a3aa5461a598bb12055c19c5c817,True,True,1.376,mandelbrot_omp_padrao_4096.exe
"medicao|openmp|padrao|4096|t12|static,1|r2",2026-09-20T22:45:19,padrao,medicao,2,openmp,12,static,1,4096,4096,1000,-2,1,-1.5,1.5,0.745999813,0.046000004,0.678999901,0.697499911,0.743000031,0.086137,241212351,241257732.417,241297033,12,static,1,e50c4473b1256734f2a689a350cd056774c7a3aa5461a598bb12055c19c5c817,True,True,0.810,mandelbrot_omp_padrao_4096.exe
"medicao|openmp|padrao|4096|t6|dynamic,16|r2",2026-09-20T22:45:21,padrao,medicao,2,openmp,6,dynamic,16,4096,4096,1000,-2,1,-1.5,1.5,1.282999992,0.039999962,1.282000065,1.282000065,1.282000065,0.000000,481230379,482515464.833,484329362,6,dynamic,16,e50c4473b1256734f2a689a350cd056774c7a3aa5461a598bb12055c19c5c817,True,True,1.338,mandelbrot_omp_padrao_4096.exe
"medicao|openmp|padrao|4096|t6|guided,64|r2",2026-09-20T22:45:23,padrao,medicao,2,openmp,6,guided,64,4096,4096,1000,-2,1,-1.5,1.5,2.158999920,0.039999962,0.522000074,1.245666703,2.157999992,0.758109,199195041,482515464.833,849581425,6,guided,64,e50c4473b1256734f2a689a350cd056774c7a3aa5461a598bb12055c19c5c817,True,True,2.213,mandelbrot_omp_padrao_4096.exe
"medicao|openmp|padrao|4096|t2|dynamic,16|r2",2026-09-20T22:45:27,padrao,medicao,2,openmp,2,dynamic,16,4096,4096,1000,-2,1,-1.5,1.5,3.601000071,0.039000034,3.601000071,3.601000071,3.601000071,0.000000,1447253504,1447546394.500,1447839285,2,dynamic,16,e50c4473b1256734f2a689a350cd056774c7a3aa5461a598bb12055c19c5c817,True,True,3.654,mandelbrot_omp_padrao_4096.exe
"medicao|openmp|padrao|4096|t8|guided,1|r2",2026-09-20T22:45:28,padrao,medicao,2,openmp,8,guided,1,4096,4096,1000,-2,1,-1.5,1.5,1.605000019,0.046000004,0.358999968,0.956125051,1.605000019,0.776324,135801095,361886598.625,617593212,8,guided,1,e50c4473b1256734f2a689a350cd056774c7a3aa5461a598bb12055c19c5c817,True,True,1.667,mandelbrot_omp_padrao_4096.exe
"medicao|openmp|padrao|4096|t12|dynamic,64|r2",2026-09-20T22:45:29,padrao,medicao,2,openmp,12,dynamic,64,4096,4096,1000,-2,1,-1.5,1.5,0.815999985,0.042000055,0.687000036,0.713500023,0.815000057,0.157055,225754383,241257732.417,278003145,12,dynamic,64,e50c4473b1256734f2a689a350cd056774c7a3aa5461a598bb12055c19c5c817,True,True,0.872,mandelbrot_omp_padrao_4096.exe
"medicao|openmp|padrao|4096|t12|static,4|r2",2026-09-20T22:45:30,padrao,medicao,2,openmp,12,static,4,4096,4096,1000,-2,1,-1.5,1.5,0.804999828,0.039000034,0.667999983,0.728333275,0.803999901,0.169154,240651390,241257732.417,241844377,12,static,4,e50c4473b1256734f2a689a350cd056774c7a3aa5461a598bb12055c19c5c817,True,True,0.860,mandelbrot_omp_padrao_4096.exe
"medicao|openmp|padrao|4096|t6|guided,4|r2",2026-09-20T22:45:33,padrao,medicao,2,openmp,6,guided,4,4096,4096,1000,-2,1,-1.5,1.5,2.185000181,0.039999962,0.536000013,1.262166739,2.185000181,0.754691,199195041,482515464.833,849581425,6,guided,4,e50c4473b1256734f2a689a350cd056774c7a3aa5461a598bb12055c19c5c817,True,True,2.240,mandelbrot_omp_padrao_4096.exe
"medicao|openmp|padrao|4096|t12|dynamic,16|r2",2026-09-20T22:45:33,padrao,medicao,2,openmp,12,dynamic,16,4096,4096,1000,-2,1,-1.5,1.5,0.713999987,0.045000076,0.703999996,0.704833309,0.712999821,0.012622,225247988,241257732.417,249713390,12,dynamic,16,e50c4473b1256734f2a689a350cd056774c7a3aa5461a598bb12055c19c5c817,True,True,0.774,mandelbrot_omp_padrao_4096.exe
"medicao|openmp|padrao|4096|t12|static,16|r2",2026-09-20T22:45:34,padrao,medicao,2,openmp,12,static,16,4096,4096,1000,-2,1,-1.5,1.5,0.808000088,0.042999983,0.677000046,0.722333332,0.805999994,0.160050,239894689,241257732.417,243323173,12,static,16,e50c4473b1256734f2a689a350cd056774c7a3aa5461a598bb12055c19c5c817,True,True,0.868,mandelbrot_omp_padrao_4096.exe
"medicao|openmp|padrao|4096|t12|static,256|r2",2026-09-20T22:45:36,padrao,medicao,2,openmp,12,static,256,4096,4096,1000,-2,1,-1.5,1.5,1.461999893,0.042999983,0.017999887,0.643749952,1.460999966,0.987680,6086561,241257732.417,555254441,12,static,256,e50c4473b1256734f2a689a350cd056774c7a3aa5461a598bb12055c19c5c817,True,True,1.519,mandelbrot_omp_padrao_4096.exe
"medicao|openmp|padrao|4096|t6|guided,1|r2",2026-09-20T22:45:38,padrao,medicao,2,openmp,6,guided,1,4096,4096,1000,-2,1,-1.5,1.5,2.164999962,0.039999962,0.521000147,1.247000098,2.164000034,0.759242,199195041,482515464.833,849581425,6,guided,1,e50c4473b1256734f2a689a350cd056774c7a3aa5461a598bb12055c19c5c817,True,True,2.219,mandelbrot_omp_padrao_4096.exe
"medicao|openmp|padrao|4096|t6|static,1|r2",2026-09-20T22:45:40,padrao,medicao,2,openmp,6,static,1,4096,4096,1000,-2,1,-1.5,1.5,1.317000151,0.041999817,1.305000067,1.309500058,1.317000151,0.009112,482506261,482515464.833,482524461,6,static,1,e50c4473b1256734f2a689a350cd056774c7a3aa5461a598bb12055c19c5c817,True,True,1.374,mandelbrot_omp_padrao_4096.exe
"medicao|openmp|padrao|4096|t8|static,0|r2",2026-09-20T22:45:42,padrao,medicao,2,openmp,8,static,0,4096,4096,1000,-2,1,-1.5,1.5,2.464999914,0.039999962,0.009000063,0.925499976,2.464999914,0.996349,4290932,361886598.625,972289686,8,static,0,e50c4473b1256734f2a689a350cd056774c7a3aa5461a598bb12055c19c5c817,True,True,2.519,mandelbrot_omp_padrao_4096.exe
"medicao|openmp|padrao|4096|t12|static,0|r2",2026-09-20T22:45:44,padrao,medicao,2,openmp,12,static,0,4096,4096,1000,-2,1,-1.5,1.5,1.864000082,0.041000128,0.006999969,0.634083430,1.864000082,0.996245,2626500,241257732.417,718283717,12,static,0,e50c4473b1256734f2a689a350cd056774c7a3aa5461a598bb12055c19c5c817,True,True,1.919,mandelbrot_omp_padrao_4096.exe
"medicao|openmp|padrao|4096|t12|guided,1|r2",2026-09-20T22:45:46,padrao,medicao,2,openmp,12,guided,1,4096,4096,1000,-2,1,-1.5,1.5,1.118000031,0.039999962,0.289000034,0.683833281,1.116999865,0.741271,89995623,241257732.417,411959271,12,guided,1,e50c4473b1256734f2a689a350cd056774c7a3aa5461a598bb12055c19c5c817,True,True,1.172,mandelbrot_omp_padrao_4096.exe
"medicao|openmp|padrao|4096|t12|dynamic,256|r2",2026-09-20T22:45:47,padrao,medicao,2,openmp,12,dynamic,256,4096,4096,1000,-2,1,-1.5,1.5,1.462999821,0.042000055,0.019000053,0.644749999,1.461999893,0.987004,6086561,241257732.417,555254441,12,dynamic,256,e50c4473b1256734f2a689a350cd056774c7a3aa5461a598bb12055c19c5c817,True,True,1.520,mandelbrot_omp_padrao_4096.exe
"medicao|openmp|padrao|4096|t8|dynamic,16|r2",2026-09-20T22:45:48,padrao,medicao,2,openmp,8,dynamic,16,4096,4096,1000,-2,1,-1.5,1.5,1.005000114,0.039000034,1.003999949,1.004875094,1.005000114,0.000995,356387406,361886598.625,367114750,8,dynamic,16,e50c4473b1256734f2a689a350cd056774c7a3aa5461a598bb12055c19c5c817,True,True,1.061,mandelbrot_omp_padrao_4096.exe
"medicao|openmp|padrao|4096|t4|static,1|r3",2026-09-20T22:45:50,padrao,medicao,3,openmp,4,static,1,4096,4096,1000,-2,1,-1.5,1.5,1.885999918,0.039000034,1.878000021,1.882999957,1.885999918,0.004242,723751348,723773197.250,723794999,4,static,1,e50c4473b1256734f2a689a350cd056774c7a3aa5461a598bb12055c19c5c817,True,True,1.943,mandelbrot_omp_padrao_4096.exe
"medicao|openmp|padrao|4096|t4|guided,1|r3",2026-09-20T22:45:54,padrao,medicao,3,openmp,4,guided,1,4096,4096,1000,-2,1,-1.5,1.5,3.102999926,0.039000034,0.559999943,1.840249956,3.102999926,0.819530,222260573,723773197.250,1234556368,4,guided,1,e50c4473b1256734f2a689a350cd056774c7a3aa5461a598bb12055c19c5c817,True,True,3.158,mandelbrot_omp_padrao_4096.exe
"medicao|openmp|padrao|4096|t12|dynamic,16|r3",2026-09-20T22:45:54,padrao,medicao,3,openmp,12,dynamic,16,4096,4096,1000,-2,1,-1.5,1.5,0.718999863,0.048000097,0.714999914,0.715999881,0.717000008,0.002790,227914986,241257732.417,252764541,12,dynamic,16,e50c4473b1256734f2a689a350cd056774c7a3aa5461a598bb12055c19c5c817,True,True,0.782,mandelbrot_omp_padrao_4096.exe
"medicao|openmp|padrao|4096|t6|dynamic,4|r3",2026-09-20T22:45:56,padrao,medicao,3,openmp,6,dynamic,4,4096,4096,1000,-2,1,-1.5,1.5,1.305000067,0.069000006,1.304000139,1.304000139,1.304000139,0.000000,478460364,482515464.833,486424847,6,dynamic,4,e50c4473b1256734f2a689a350cd056774c7a3aa5461a598bb12055c19c5c817,True,True,1.391,mandelbrot_omp_padrao_4096.exe
"medicao|openmp|padrao|4096|t12|guided,64|r3",2026-09-20T22:45:57,padrao,medicao,3,openmp,12,guided,64,4096,4096,1000,-2,1,-1.5,1.5,1.111999989,0.042000055,0.290000200,0.682333410,1.111999989,0.739208,92917170,241257732.417,411959271,12,guided,64,e50c4473b1256734f2a689a350cd056774c7a3aa5461a598bb12055c19c5c817,True,True,1.168,mandelbrot_omp_padrao_4096.exe
"medicao|openmp|padrao|4096|t12|static,64|r3",2026-09-20T22:45:58,padrao,medicao,3,openmp,12,static,64,4096,4096,1000,-2,1,-1.5,1.5,0.787000179,0.041999817,0.612999916,0.698333303,0.786000013,0.220102,216854723,241257732.417,277983627,12,static,64,e50c4473b1256734f2a689a350cd056774c7a3aa5461a598bb12055c19c5c817,True,True,0.842,mandelbrot_omp_padrao_4096.exe
"medicao|openmp|padrao|4096|t4|dynamic,1|r3",2026-09-20T22:46:00,padrao,medicao,3,openmp,4,dynamic,1,4096,4096,1000,-2,1,-1.5,1.5,1.886999846,0.041000128,1.885999918,1.885999918,1.885999918,0.000000,723105108,723773197.250,724338857,4,dynamic,1,e50c4473b1256734f2a689a350cd056774c7a3aa5461a598bb12055c19c5c817,True,True,1.944,mandelbrot_omp_padrao_4096.exe
"medicao|openmp|padrao|4096|t12|dynamic,256|r3",2026-09-20T22:46:02,padrao,medicao,3,openmp,12,dynamic,256,4096,4096,1000,-2,1,-1.5,1.5,1.452999830,0.039000034,0.019000053,0.641916593,1.452999830,0.986924,6086561,241257732.417,555254441,12,dynamic,256,e50c4473b1256734f2a689a350cd056774c7a3aa5461a598bb12055c19c5c817,True,True,1.507,mandelbrot_omp_padrao_4096.exe
"medicao|openmp|padrao|4096|t12|static,16|r3",2026-09-20T22:46:02,padrao,medicao,3,openmp,12,static,16,4096,4096,1000,-2,1,-1.5,1.5,0.763000011,0.039000034,0.683000088,0.717583438,0.762000084,0.103675,239894689,241257732.417,243323173,12,static,16,e50c4473b1256734f2a689a350cd056774c7a3aa5461a598bb12055c19c5c817,True,True,0.817,mandelbrot_omp_padrao_4096.exe
"medicao|openmp|padrao|4096|t4|dynamic,16|r3",2026-09-20T22:46:05,padrao,medicao,3,openmp,4,dynamic,16,4096,4096,1000,-2,1,-1.5,1.5,1.888999939,0.039999962,1.888999939,1.888999939,1.888999939,0.000000,721467748,723773197.250,726119347,4,dynamic,16,e50c4473b1256734f2a689a350cd056774c7a3aa5461a598bb12055c19c5c817,True,True,1.944,mandelbrot_omp_padrao_4096.exe
"medicao|openmp|padrao|4096|t1|dynamic,1|r3",2026-09-20T22:46:12,padrao,medicao,3,openmp,1,dynamic,1,4096,4096,1000,-2,1,-1.5,1.5,6.986999989,0.039000034,6.986999989,6.986999989,6.986999989,0.000000,2895092789,2895092789.000,2895092789,1,dynamic,1,e50c4473b1256734f2a689a350cd056774c7a3aa5461a598bb12055c19c5c817,True,True,7.041,mandelbrot_omp_padrao_4096.exe
"medicao|openmp|padrao|4096|t2|static,1|r3",2026-09-20T22:46:15,padrao,medicao,3,openmp,2,static,1,4096,4096,1000,-2,1,-1.5,1.5,3.606999874,0.040000200,3.605999947,3.605999947,3.605999947,0.000000,1447546204,1447546394.500,1447546585,2,static,1,e50c4473b1256734f2a689a350cd056774c7a3aa5461a598bb12055c19c5c817,True,True,3.662,mandelbrot_omp_padrao_4096.exe
"medicao|openmp|padrao|4096|t12|static,1|r3",2026-09-20T22:46:16,padrao,medicao,3,openmp,12,static,1,4096,4096,1000,-2,1,-1.5,1.5,0.739000082,0.041000128,0.682000160,0.698000133,0.739000082,0.077131,241212351,241257732.417,241297033,12,static,1,e50c4473b1256734f2a689a350cd056774c7a3aa5461a598bb12055c19c5c817,True,True,0.796,mandelbrot_omp_padrao_4096.exe
"medicao|openmp|padrao|4096|t6|dynamic,1|r3",2026-09-20T22:46:18,padrao,medicao,3,openmp,6,dynamic,1,4096,4096,1000,-2,1,-1.5,1.5,1.289999962,0.039000034,1.289999962,1.289999962,1.289999962,0.000000,480151095,482515464.833,484974137,6,dynamic,1,e50c4473b1256734f2a689a350cd056774c7a3aa5461a598bb12055c19c5c817,True,True,1.348,mandelbrot_omp_padrao_4096.exe
"medicao|openmp|padrao|4096|t12|dynamic,1|r3",2026-09-20T22:46:19,padrao,medicao,3,openmp,12,dynamic,1,4096,4096,1000,-2,1,-1.5,1.5,0.733999968,0.040999889,0.733000040,0.733000040,0.733000040,0.000000,219076418,241257732.417,256892668,12,dynamic,1,e50c4473b1256734f2a689a350cd056774c7a3aa5461a598bb12055c19c5c817,True,True,0.790,mandelbrot_omp_padrao_4096.exe
"medicao|openmp|padrao|4096|t6|guided,64|r3",2026-09-20T22:46:21,padrao,medicao,3,openmp,6,guided,64,4096,4096,1000,-2,1,-1.5,1.5,2.206000090,0.042000055,0.527000189,1.268833439,2.206000090,0.761106,199195041,482515464.833,849581425,6,guided,64,e50c4473b1256734f2a689a350cd056774c7a3aa5461a598bb12055c19c5c817,True,True,2.262,mandelbrot_omp_padrao_4096.exe
"medicao|openmp|padrao|4096|t12|static,4|r3",2026-09-20T22:46:22,padrao,medicao,3,openmp,12,static,4,4096,4096,1000,-2,1,-1.5,1.5,0.782999992,0.041000128,0.676999807,0.724500060,0.782000065,0.134271,240651390,241257732.417,241844377,12,static,4,e50c4473b1256734f2a689a350cd056774c7a3aa5461a598bb12055c19c5c817,True,True,0.840,mandelbrot_omp_padrao_4096.exe
"medicao|openmp|padrao|4096|t6|static,1|r3",2026-09-20T22:46:23,padrao,medicao,3,openmp,6,static,1,4096,4096,1000,-2,1,-1.5,1.5,1.289000034,0.039000034,1.281000137,1.285333395,1.288000107,0.005435,482506261,482515464.833,482524461,6,static,1,e50c4473b1256734f2a689a350cd056774c7a3aa5461a598bb12055c19c5c817,True,True,1.345,mandelbrot_omp_padrao_4096.exe
"medicao|openmp|padrao|4096|t6|static,64|r3",2026-09-20T22:46:25,padrao,medicao,3,openmp,6,static,64,4096,4096,1000,-2,1,-1.5,1.5,1.314000130,0.042000055,1.254999876,1.284333269,1.312999964,0.044174,470080461,482515464.833,494838350,6,static,64,e50c4473b1256734f2a689a350cd056774c7a3aa5461a598bb12055c19c5c817,True,True,1.370,mandelbrot_omp_padrao_4096.exe
"medicao|openmp|padrao|4096|t6|static,0|r3",2026-09-20T22:46:28,padrao,medicao,3,openmp,6,static,0,4096,4096,1000,-2,1,-1.5,1.5,2.983000040,0.039999962,0.013000011,1.216166695,2.983000040,0.995642,6649179,482515464.833,1189490404,6,static,0,e50c4473b1256734f2a689a350cd056774c7a3aa5461a598bb12055c19c5c817,True,True,3.037,mandelbrot_omp_padrao_4096.exe
"medicao|openmp|padrao|4096|t2|dynamic,16|r3",2026-09-20T22:46:31,padrao,medicao,3,openmp,2,dynamic,16,4096,4096,1000,-2,1,-1.5,1.5,3.605999947,0.039999962,3.605999947,3.605999947,3.605999947,0.000000,1446767067,1447546394.500,1448325722,2,dynamic,16,e50c4473b1256734f2a689a350cd056774c7a3aa5461a598bb12055c19c5c817,True,True,3.662,mandelbrot_omp_padrao_4096.exe
"medicao|openmp|padrao|4096|t6|static,4|r3",2026-09-20T22:46:33,padrao,medicao,3,openmp,6,static,4,4096,4096,1000,-2,1,-1.5,1.5,1.289999962,0.040999889,1.283999920,1.287499944,1.289999962,0.004651,482459219,482515464.833,482591146,6,static,4,e50c4473b1256734f2a689a350cd056774c7a3aa5461a598bb12055c19c5c817,True,True,1.348,mandelbrot_omp_padrao_4096.exe
"medicao|openmp|padrao|4096|t12|dynamic,4|r3",2026-09-20T22:46:34,padrao,medicao,3,openmp,12,dynamic,4,4096,4096,1000,-2,1,-1.5,1.5,0.698999882,0.042999983,0.695999861,0.697833280,0.697999954,0.002865,224229444,241257732.417,247140774,12,dynamic,4,e50c4473b1256734f2a689a350cd056774c7a3aa5461a598bb12055c19c5c817,True,True,0.758,mandelbrot_omp_padrao_4096.exe
"medicao|openmp|padrao|4096|t12|dynamic,64|r3",2026-09-20T22:46:35,padrao,medicao,3,openmp,12,dynamic,64,4096,4096,1000,-2,1,-1.5,1.5,0.796999931,0.044000149,0.677999973,0.707750062,0.796000004,0.148241,221422505,241257732.417,273383575,12,dynamic,64,e50c4473b1256734f2a689a350cd056774c7a3aa5461a598bb12055c19c5c817,True,True,0.854,mandelbrot_omp_padrao_4096.exe
"medicao|openmp|padrao|4096|t2|dynamic,1|r3",2026-09-20T22:46:38,padrao,medicao,3,openmp,2,dynamic,1,4096,4096,1000,-2,1,-1.5,1.5,3.593999863,0.039999962,3.593999863,3.593999863,3.593999863,0.000000,1446781164,1447546394.500,1448311625,2,dynamic,1,e50c4473b1256734f2a689a350cd056774c7a3aa5461a598bb12055c19c5c817,True,True,3.655,mandelbrot_omp_padrao_4096.exe
"medicao|openmp|padrao|4096|t6|dynamic,16|r3",2026-09-20T22:46:40,padrao,medicao,3,openmp,6,dynamic,16,4096,4096,1000,-2,1,-1.5,1.5,1.276999950,0.040999889,1.276999950,1.276999950,1.276999950,0.000000,480322245,482515464.833,483788821,6,dynamic,16,e50c4473b1256734f2a689a350cd056774c7a3aa5461a598bb12055c19c5c817,True,True,1.335,mandelbrot_omp_padrao_4096.exe
"medicao|openmp|padrao|4096|t12|static,0|r3",2026-09-20T22:46:42,padrao,medicao,3,openmp,12,static,0,4096,4096,1000,-2,1,-1.5,1.5,1.875000000,0.040000200,0.008000135,0.640666664,1.873999834,0.995731,2626500,241257732.417,718283717,12,static,0,e50c4473b1256734f2a689a350cd056774c7a3aa5461a598bb12055c19c5c817,True,True,1.933,mandelbrot_omp_padrao_4096.exe
"medicao|openmp|padrao|4096|t8|dynamic,1|r3",2026-09-20T22:46:43,padrao,medicao,3,openmp,8,dynamic,1,4096,4096,1000,-2,1,-1.5,1.5,0.980000019,0.065999985,0.980000019,0.980000019,0.980000019,0.000000,361179336,361886598.625,363265251,8,dynamic,1,e50c4473b1256734f2a689a350cd056774c7a3aa5461a598bb12055c19c5c817,True,True,1.062,mandelbrot_omp_padrao_4096.exe
"medicao|openmp|padrao|4096|t6|dynamic,256|r3",2026-09-20T22:46:44,padrao,medicao,3,openmp,6,dynamic,256,4096,4096,1000,-2,1,-1.5,1.5,1.467000008,0.041000128,1.157000065,1.274666707,1.467000008,0.211316,435124639,482515464.833,558949047,6,dynamic,256,e50c4473b1256734f2a689a350cd056774c7a3aa5461a598bb12055c19c5c817,True,True,1.521,mandelbrot_omp_padrao_4096.exe
"medicao|openmp|padrao|4096|t12|guided,1|r3",2026-09-20T22:46:46,padrao,medicao,3,openmp,12,guided,1,4096,4096,1000,-2,1,-1.5,1.5,1.104000092,0.039999962,0.267000198,0.663250128,1.103000164,0.757933,94543437,241257732.417,411959271,12,guided,1,e50c4473b1256734f2a689a350cd056774c7a3aa5461a598bb12055c19c5c817,True,True,1.159,mandelbrot_omp_padrao_4096.exe
"medicao|openmp|padrao|4096|t12|static,256|r3",2026-09-20T22:46:47,padrao,medicao,3,openmp,12,static,256,4096,4096,1000,-2,1,-1.5,1.5,1.486000061,0.041000128,0.018999815,0.662583252,1.484999895,0.987206,6086561,241257732.417,555254441,12,static,256,e50c4473b1256734f2a689a350cd056774c7a3aa5461a598bb12055c19c5c817,True,True,1.541,mandelbrot_omp_padrao_4096.exe
"medicao|openmp|padrao|4096|t2|static,0|r3",2026-09-20T22:46:51,padrao,medicao,3,openmp,2,static,0,4096,4096,1000,-2,1,-1.5,1.5,3.601000071,0.041000128,3.596999884,3.598499894,3.599999905,0.000833,1447546230,1447546394.500,1447546559,2,static,0,e50c4473b1256734f2a689a350cd056774c7a3aa5461a598bb12055c19c5c817,True,True,3.656,mandelbrot_omp_padrao_4096.exe
"medicao|openmp|padrao|4096|t6|static,256|r3",2026-09-20T22:46:53,padrao,medicao,3,openmp,6,static,256,4096,4096,1000,-2,1,-1.5,1.5,1.467000008,0.039000034,1.148999929,1.271666606,1.467000008,0.216769,432732684,482515464.833,561341002,6,static,256,e50c4473b1256734f2a689a350cd056774c7a3aa5461a598bb12055c19c5c817,True,True,1.521,mandelbrot_omp_padrao_4096.exe
"medicao|openmp|padrao|4096|t6|static,16|r3",2026-09-20T22:46:54,padrao,medicao,3,openmp,6,static,16,4096,4096,1000,-2,1,-1.5,1.5,1.292000055,0.039999962,1.276000023,1.283333381,1.292000055,0.012384,480487748,482515464.833,485389628,6,static,16,e50c4473b1256734f2a689a350cd056774c7a3aa5461a598bb12055c19c5c817,True,True,1.347,mandelbrot_omp_padrao_4096.exe
"medicao|openmp|padrao|4096|t2|guided,1|r3",2026-09-20T22:46:58,padrao,medicao,3,openmp,2,guided,1,4096,4096,1000,-2,1,-1.5,1.5,3.618999958,0.042999983,3.618000031,3.618499994,3.618999958,0.000276,1447078894,1447546394.500,1448013895,2,guided,1,e50c4473b1256734f2a689a350cd056774c7a3aa5461a598bb12055c19c5c817,True,True,3.675,mandelbrot_omp_padrao_4096.exe
"medicao|openmp|padrao|4096|t6|dynamic,64|r3",2026-09-20T22:46:59,padrao,medicao,3,openmp,6,dynamic,64,4096,4096,1000,-2,1,-1.5,1.5,1.302000046,0.043999910,1.273000002,1.279666662,1.302000046,0.022273,480246426,482515464.833,489403038,6,dynamic,64,e50c4473b1256734f2a689a350cd056774c7a3aa5461a598bb12055c19c5c817,True,True,1.360,mandelbrot_omp_padrao_4096.exe
"medicao|openmp|padrao|4096|t4|static,0|r3",2026-09-20T22:47:03,padrao,medicao,3,openmp,4,static,0,4096,4096,1000,-2,1,-1.5,1.5,3.503999949,0.039999962,0.099999905,1.801999986,3.503999949,0.971461,42523279,723773197.250,1405022951,4,static,0,e50c4473b1256734f2a689a350cd056774c7a3aa5461a598bb12055c19c5c817,True,True,3.559,mandelbrot_omp_padrao_4096.exe
"medicao|openmp|padrao|4096|t8|static,1|r3",2026-09-20T22:47:04,padrao,medicao,3,openmp,8,static,1,4096,4096,1000,-2,1,-1.5,1.5,0.981999874,0.039999962,0.976999998,0.979625016,0.980999947,0.004077,361779769,361886598.625,361971817,8,static,1,e50c4473b1256734f2a689a350cd056774c7a3aa5461a598bb12055c19c5c817,True,True,1.038,mandelbrot_omp_padrao_4096.exe
"medicao|openmp|padrao|4096|t6|guided,1|r3",2026-09-20T22:47:06,padrao,medicao,3,openmp,6,guided,1,4096,4096,1000,-2,1,-1.5,1.5,2.191999912,0.039999962,0.523000002,1.256166577,2.191999912,0.761405,199195041,482515464.833,849581425,6,guided,1,e50c4473b1256734f2a689a350cd056774c7a3aa5461a598bb12055c19c5c817,True,True,2.248,mandelbrot_omp_padrao_4096.exe
"medicao|openmp|padrao|4096|t8|dynamic,16|r3",2026-09-20T22:47:07,padrao,medicao,3,openmp,8,dynamic,16,4096,4096,1000,-2,1,-1.5,1.5,0.983000040,0.039000034,0.982000113,0.982250094,0.983000040,0.001017,360291594,361886598.625,364113828,8,dynamic,16,e50c4473b1256734f2a689a350cd056774c7a3aa5461a598bb12055c19c5c817,True,True,1.043,mandelbrot_omp_padrao_4096.exe
"medicao|openmp|padrao|4096|t6|guided,4|r3",2026-09-20T22:47:10,padrao,medicao,3,openmp,6,guided,4,4096,4096,1000,-2,1,-1.5,1.5,2.171000004,0.039000034,0.523999929,1.251166622,2.169999838,0.758525,199195041,482515464.833,849581425,6,guided,4,e50c4473b1256734f2a689a350cd056774c7a3aa5461a598bb12055c19c5c817,True,True,2.223,mandelbrot_omp_padrao_4096.exe
"medicao|openmp|padrao|4096|t12|guided,4|r3",2026-09-20T22:47:11,padrao,medicao,3,openmp,12,guided,4,4096,4096,1000,-2,1,-1.5,1.5,1.109999895,0.045000076,0.282999992,0.668000023,1.108999968,0.744815,90693579,241257732.417,411959271,12,guided,4,e50c4473b1256734f2a689a350cd056774c7a3aa5461a598bb12055c19c5c817,True,True,1.170,mandelbrot_omp_padrao_4096.exe
"medicao|openmp|padrao|4096|t6|guided,16|r3",2026-09-20T22:47:13,padrao,medicao,3,openmp,6,guided,16,4096,4096,1000,-2,1,-1.5,1.5,2.166000128,0.040999889,0.527999878,1.250999928,2.164999962,0.756120,199195041,482515464.833,849581425,6,guided,16,e50c4473b1256734f2a689a350cd056774c7a3aa5461a598bb12055c19c5c817,True,True,2.221,mandelbrot_omp_padrao_4096.exe
"medicao|openmp|padrao|4096|t8|static,0|r3",2026-09-20T22:47:16,padrao,medicao,3,openmp,8,static,0,4096,4096,1000,-2,1,-1.5,1.5,2.470000029,0.041000128,0.010999918,0.927374899,2.468999863,0.995545,4290932,361886598.625,972289686,8,static,0,e50c4473b1256734f2a689a350cd056774c7a3aa5461a598bb12055c19c5c817,True,True,2.525,mandelbrot_omp_padrao_4096.exe
"medicao|openmp|padrao|4096|t12|guided,16|r3",2026-09-20T22:47:17,padrao,medicao,3,openmp,12,guided,16,4096,4096,1000,-2,1,-1.5,1.5,1.194999933,0.041000128,0.343000174,0.720250090,1.194000006,0.712730,91324686,241257732.417,411959271,12,guided,16,e50c4473b1256734f2a689a350cd056774c7a3aa5461a598bb12055c19c5c817,True,True,1.250,mandelbrot_omp_padrao_4096.exe
"medicao|openmp|padrao|4096|t8|guided,1|r3",2026-09-20T22:47:19,padrao,medicao,3,openmp,8,guided,1,4096,4096,1000,-2,1,-1.5,1.5,1.610999823,0.039999962,0.365000010,0.958374918,1.609999895,0.773292,135801095,361886598.625,617593212,8,guided,1,e50c4473b1256734f2a689a350cd056774c7a3aa5461a598bb12055c19c5c817,True,True,1.666,mandelbrot_omp_padrao_4096.exe
"medicao|openmp|padrao|4096|t6|static,64|r4",2026-09-20T22:47:20,padrao,medicao,4,openmp,6,static,64,4096,4096,1000,-2,1,-1.5,1.5,1.319000006,0.040999889,1.246999979,1.282499949,1.319000006,0.054587,470080461,482515464.833,494838350,6,static,64,e50c4473b1256734f2a689a350cd056774c7a3aa5461a598bb12055c19c5c817,True,True,1.374,mandelbrot_omp_padrao_4096.exe
"medicao|openmp|padrao|4096|t6|dynamic,16|r4",2026-09-20T22:47:22,padrao,medicao,4,openmp,6,dynamic,16,4096,4096,1000,-2,1,-1.5,1.5,1.289000034,0.039999962,1.287999868,1.287999868,1.287999868,0.000000,480833207,482515464.833,483666177,6,dynamic,16,e50c4473b1256734f2a689a350cd056774c7a3aa5461a598bb12055c19c5c817,True,True,1.344,mandelbrot_omp_padrao_4096.exe
"medicao|openmp|padrao|4096|t2|guided,1|r4",2026-09-20T22:47:26,padrao,medicao,4,openmp,2,guided,1,4096,4096,1000,-2,1,-1.5,1.5,3.598999977,0.039000034,3.598999977,3.598999977,3.598999977,0.000000,1447030923,1447546394.500,1448061866,2,guided,1,e50c4473b1256734f2a689a350cd056774c7a3aa5461a598bb12055c19c5c817,True,True,3.653,mandelbrot_omp_padrao_4096.exe
"medicao|openmp|padrao|4096|t6|guided,4|r4",2026-09-20T22:47:28,padrao,medicao,4,openmp,6,guided,4,4096,4096,1000,-2,1,-1.5,1.5,2.181999922,0.043000221,0.525000095,1.259833376,2.181999922,0.759395,199195041,482515464.833,849581425,6,guided,4,e50c4473b1256734f2a689a350cd056774c7a3aa5461a598bb12055c19c5c817,True,True,2.239,mandelbrot_omp_padrao_4096.exe
"medicao|openmp|padrao|4096|t6|static,256|r4",2026-09-20T22:47:29,padrao,medicao,4,openmp,6,static,256,4096,4096,1000,-2,1,-1.5,1.5,1.483000040,0.067000151,1.151999950,1.279999971,1.481999874,0.222672,432732684,482515464.833,561341002,6,static,256,e50c4473b1256734f2a689a350cd056774c7a3aa5461a598bb12055c19c5c817,True,True,1.567,mandelbrot_omp_padrao_4096.exe
"medicao|openmp|padrao|4096|t12|static,64|r4",2026-09-20T22:47:30,padrao,medicao,4,openmp,12,static,64,4096,4096,1000,-2,1,-1.5,1.5,0.786000013,0.044000149,0.625000000,0.708083391,0.784999847,0.203822,216854723,241257732.417,277983627,12,static,64,e50c4473b1256734f2a689a350cd056774c7a3aa5461a598bb12055c19c5c817,True,True,0.844,mandelbrot_omp_padrao_4096.exe
"medicao|openmp|padrao|4096|t8|guided,1|r4",2026-09-20T22:47:32,padrao,medicao,4,openmp,8,guided,1,4096,4096,1000,-2,1,-1.5,1.5,1.606999874,0.041000128,0.360999823,0.960499883,1.606999874,0.775358,135801095,361886598.625,617593212,8,guided,1,e50c4473b1256734f2a689a350cd056774c7a3aa5461a598bb12055c19c5c817,True,True,1.662,mandelbrot_omp_padrao_4096.exe
"medicao|openmp|padrao|4096|t4|dynamic,1|r4",2026-09-20T22:47:34,padrao,medicao,4,openmp,4,dynamic,1,4096,4096,1000,-2,1,-1.5,1.5,1.893999815,0.040000200,1.892999887,1.892999887,1.892999887,0.000000,722377975,723773197.250,727349545,4,dynamic,1,e50c4473b1256734f2a689a350cd056774c7a3aa5461a598bb12055c19c5c817,True,True,1.952,mandelbrot_omp_padrao_4096.exe
"medicao|openmp|padrao|4096|t12|static,256|r4",2026-09-20T22:47:36,padrao,medicao,4,openmp,12,static,256,4096,4096,1000,-2,1,-1.5,1.5,1.456000090,0.041000128,0.017999887,0.643166602,1.454999924,0.987629,6086561,241257732.417,555254441,12,static,256,e50c4473b1256734f2a689a350cd056774c7a3aa5461a598bb12055c19c5c817,True,True,1.511,mandelbrot_omp_padrao_4096.exe
"medicao|openmp|padrao|4096|t12|static,1|r4",2026-09-20T22:47:37,padrao,medicao,4,openmp,12,static,1,4096,4096,1000,-2,1,-1.5,1.5,0.706000090,0.043999910,0.682000160,0.691333413,0.706000090,0.033994,241212351,241257732.417,241297033,12,static,1,e50c4473b1256734f2a689a350cd056774c7a3aa5461a598bb12055c19c5c817,True,True,0.767,mandelbrot_omp_padrao_4096.exe
"medicao|openmp|padrao|4096|t6|guided,1|r4",2026-09-20T22:47:39,padrao,medicao,4,openmp,6,guided,1,4096,4096,1000,-2,1,-1.5,1.5,2.165999889,0.039000034,0.531000137,1.253333370,2.164999962,0.754734,199195041,482515464.833,849581425,6,guided,1,e50c4473b1256734f2a689a350cd056774c7a3aa5461a598bb12055c19c5c817,True,True,2.219,mandelbrot_omp_padrao_4096.exe
"medicao|openmp|padrao|4096|t6|guided,64|r4",2026-09-20T22:47:41,padrao,medicao,4,openmp,6,guided,64,4096,4096,1000,-2,1,-1.5,1.5,2.164999962,0.042999983,0.526999950,1.251333276,2.164999962,0.756582,199195041,482515464.833,849581425,6,guided,64,e50c4473b1256734f2a689a350cd056774c7a3aa5461a598bb12055c19c5c817,True,True,2.222,mandelbrot_omp_padrao_4096.exe
"medicao|openmp|padrao|4096|t6|static,0|r4",2026-09-20T22:47:44,padrao,medicao,4,openmp,6,static,0,4096,4096,1000,-2,1,-1.5,1.5,3.000000000,0.046000004,0.015000105,1.227000078,2.999000072,0.994998,6649179,482515464.833,1189490404,6,static,0,e50c4473b1256734f2a689a350cd056774c7a3aa5461a598bb12055c19c5c817,True,True,3.060,mandelbrot_omp_padrao_4096.exe
"medicao|openmp|padrao|4096|t2|static,0|r4",2026-09-20T22:47:48,padrao,medicao,4,openmp,2,static,0,4096,4096,1000,-2,1,-1.5,1.5,3.594000101,0.039999962,3.590999842,3.591999888,3.592999935,0.000557,1447546230,1447546394.500,1447546559,2,static,0,e50c4473b1256734f2a689a350cd056774c7a3aa5461a598bb12055c19c5c817,True,True,3.648,mandelbrot_omp_padrao_4096.exe
"medicao|openmp|padrao|4096|t6|static,4|r4",2026-09-20T22:47:49,padrao,medicao,4,openmp,6,static,4,4096,4096,1000,-2,1,-1.5,1.5,1.290000200,0.040999889,1.284000158,1.287000100,1.290000200,0.004651,482459219,482515464.833,482591146,6,static,4,e50c4473b1256734f2a689a350cd056774c7a3aa5461a598bb12055c19c5c817,True,True,1.348,mandelbrot_omp_padrao_4096.exe
"medicao|openmp|padrao|4096|t8|dynamic,1|r4",2026-09-20T22:47:51,padrao,medicao,4,openmp,8,dynamic,1,4096,4096,1000,-2,1,-1.5,1.5,0.980000019,0.039999962,0.980000019,0.980000019,0.980000019,0.000000,360771742,361886598.625,363202858,8,dynamic,1,e50c4473b1256734f2a689a350cd056774c7a3aa5461a598bb12055c19c5c817,True,True,1.036,mandelbrot_omp_padrao_4096.exe
"medicao|openmp|padrao|4096|t2|dynamic,16|r4",2026-09-20T22:47:54,padrao,medicao,4,openmp,2,dynamic,16,4096,4096,1000,-2,1,-1.5,1.5,3.601000071,0.041000128,3.601000071,3.601000071,3.601000071,0.000000,1447395056,1447546394.500,1447697733,2,dynamic,16,e50c4473b1256734f2a689a350cd056774c7a3aa5461a598bb12055c19c5c817,True,True,3.657,mandelbrot_omp_padrao_4096.exe
"medicao|openmp|padrao|4096|t4|dynamic,16|r4",2026-09-20T22:47:56,padrao,medicao,4,openmp,4,dynamic,16,4096,4096,1000,-2,1,-1.5,1.5,1.878000021,0.042999983,1.878000021,1.878000021,1.878000021,0.000000,722785027,723773197.250,724221737,4,dynamic,16,e50c4473b1256734f2a689a350cd056774c7a3aa5461a598bb12055c19c5c817,True,True,1.937,mandelbrot_omp_padrao_4096.exe
"medicao|openmp|padrao|4096|t12|dynamic,64|r4",2026-09-20T22:47:57,padrao,medicao,4,openmp,12,dynamic,64,4096,4096,1000,-2,1,-1.5,1.5,0.779999971,0.048000097,0.674000025,0.697666764,0.778000116,0.133676,225441877,241257732.417,278077116,12,dynamic,64,e50c4473b1256734f2a689a350cd056774c7a3aa5461a598bb12055c19c5c817,True,True,0.843,mandelbrot_omp_padrao_4096.exe
"medicao|openmp|padrao|4096|t6|guided,16|r4",2026-09-20T22:47:59,padrao,medicao,4,openmp,6,guided,16,4096,4096,1000,-2,1,-1.5,1.5,2.159000158,0.038999796,0.519999981,1.249000072,2.159000158,0.759148,199195041,482515464.833,849581425,6,guided,16,e50c4473b1256734f2a689a350cd056774c7a3aa5461a598bb12055c19c5c817,True,True,2.213,mandelbrot_omp_padrao_4096.exe
"medicao|openmp|padrao|4096|t2|static,1|r4",2026-09-20T22:48:03,padrao,medicao,4,openmp,2,static,1,4096,4096,1000,-2,1,-1.5,1.5,3.615000010,0.042000055,3.614000082,3.614000082,3.614000082,0.000000,1447546204,1447546394.500,1447546585,2,static,1,e50c4473b1256734f2a689a350cd056774c7a3aa5461a598bb12055c19c5c817,True,True,3.673,mandelbrot_omp_padrao_4096.exe
"medicao|openmp|padrao|4096|t12|dynamic,1|r4",2026-09-20T22:48:04,padrao,medicao,4,openmp,12,dynamic,1,4096,4096,1000,-2,1,-1.5,1.5,0.743999958,0.044000149,0.741999865,0.743749956,0.743999958,0.002688,217082306,241257732.417,265890115,12,dynamic,1,e50c4473b1256734f2a689a350cd056774c7a3aa5461a598bb12055c19c5c817,True,True,0.803,mandelbrot_omp_padrao_4096.exe
"medicao|openmp|padrao|4096|t8|static,0|r4",2026-09-20T22:48:07,padrao,medicao,4,openmp,8,static,0,4096,4096,1000,-2,1,-1.5,1.5,2.470000029,0.039000034,0.009999990,0.926625013,2.470000029,0.995951,4290932,361886598.625,972289686,8,static,0,e50c4473b1256734f2a689a350cd056774c7a3aa5461a598bb12055c19c5c817,True,True,2.523,mandelbrot_omp_padrao_4096.exe
"medicao|openmp|padrao|4096|t12|static,0|r4",2026-09-20T22:48:09,padrao,medicao,4,openmp,12,static,0,4096,4096,1000,-2,1,-1.5,1.5,1.861000061,0.039000034,0.005999804,0.633666535,1.859999895,0.996774,2626500,241257732.417,718283717,12,static,0,e50c4473b1256734f2a689a350cd056774c7a3aa5461a598bb12055c19c5c817,True,True,1.915,mandelbrot_omp_padrao_4096.exe
"medicao|openmp|padrao|4096|t12|dynamic,256|r4",2026-09-20T22:48:10,padrao,medicao,4,openmp,12,dynamic,256,4096,4096,1000,-2,1,-1.5,1.5,1.462000132,0.039999962,0.018000126,0.643750111,1.461000204,0.987680,6086561,241257732.417,555254441,12,dynamic,256,e50c4473b1256734f2a689a350cd056774c7a3aa5461a598bb12055c19c5c817,True,True,1.516,mandelbrot_omp_padrao_4096.exe
"medicao|openmp|padrao|4096|t2|dynamic,1|r4",2026-09-20T22:48:14,padrao,medicao,4,openmp,2,dynamic,1,4096,4096,1000,-2,1,-1.5,1.5,3.611000061,0.040999889,3.611000061,3.611000061,3.611000061,0.000000,1447252702,1447546394.500,1447840087,2,dynamic,1,e50c4473b1256734f2a689a350cd056774c7a3aa5461a598bb12055c19c5c817,True,True,3.669,mandelbrot_omp_padrao_4096.exe
"medicao|openmp|padrao|4096|t8|static,1|r4",2026-09-20T22:48:15,padrao,medicao,4,openmp,8,static,1,4096,4096,1000,-2,1,-1.5,1.5,0.983999968,0.039000034,0.980999947,0.981499910,0.982999802,0.002034,361779769,361886598.625,361971817,8,static,1,e50c4473b1256734f2a689a350cd056774c7a3aa5461a598bb12055c19c5c817,True,True,1.038,mandelbrot_omp_padrao_4096.exe
"medicao|openmp|padrao|4096|t12|guided,64|r4",2026-09-20T22:48:16,padrao,medicao,4,openmp,12,guided,64,4096,4096,1000,-2,1,-1.5,1.5,1.138999939,0.039999962,0.265000105,0.678833425,1.137000084,0.766930,93598939,241257732.417,411959271,12,guided,64,e50c4473b1256734f2a689a350cd056774c7a3aa5461a598bb12055c19c5c817,True,True,1.194,mandelbrot_omp_padrao_4096.exe
"medicao|openmp|padrao|4096|t8|dynamic,16|r4",2026-09-20T22:48:18,padrao,medicao,4,openmp,8,dynamic,16,4096,4096,1000,-2,1,-1.5,1.5,0.982999802,0.071000099,0.982999802,0.982999802,0.982999802,0.000000,360480893,361886598.625,364227202,8,dynamic,16,e50c4473b1256734f2a689a350cd056774c7a3aa5461a598bb12055c19c5c817,True,True,1.070,mandelbrot_omp_padrao_4096.exe
"medicao|openmp|padrao|4096|t6|static,16|r4",2026-09-20T22:48:19,padrao,medicao,4,openmp,6,static,16,4096,4096,1000,-2,1,-1.5,1.5,1.319999933,0.042999983,1.290999889,1.300999999,1.319999933,0.021970,480487748,482515464.833,485389628,6,static,16,e50c4473b1256734f2a689a350cd056774c7a3aa5461a598bb12055c19c5c817,True,True,1.379,mandelbrot_omp_padrao_4096.exe
"medicao|openmp|padrao|4096|t6|dynamic,256|r4",2026-09-20T22:48:21,padrao,medicao,4,openmp,6,dynamic,256,4096,4096,1000,-2,1,-1.5,1.5,1.463999987,0.041000128,1.157999992,1.271833380,1.463999987,0.209016,436427290,482515464.833,558949047,6,dynamic,256,e50c4473b1256734f2a689a350cd056774c7a3aa5461a598bb12055c19c5c817,True,True,1.519,mandelbrot_omp_padrao_4096.exe
"medicao|openmp|padrao|4096|t12|guided,4|r4",2026-09-20T22:48:22,padrao,medicao,4,openmp,12,guided,4,4096,4096,1000,-2,1,-1.5,1.5,1.111999989,0.041000128,0.270999908,0.664583325,1.111999989,0.756295,94543437,241257732.417,411959271,12,guided,4,e50c4473b1256734f2a689a350cd056774c7a3aa5461a598bb12055c19c5c817,True,True,1.168,mandelbrot_omp_padrao_4096.exe
"medicao|openmp|padrao|4096|t6|dynamic,1|r4",2026-09-20T22:48:23,padrao,medicao,4,openmp,6,dynamic,1,4096,4096,1000,-2,1,-1.5,1.5,1.287999868,0.039999962,1.287999868,1.287999868,1.287999868,0.000000,481442693,482515464.833,483426797,6,dynamic,1,e50c4473b1256734f2a689a350cd056774c7a3aa5461a598bb12055c19c5c817,True,True,1.345,mandelbrot_omp_padrao_4096.exe
"medicao|openmp|padrao|4096|t12|guided,1|r4",2026-09-20T22:48:24,padrao,medicao,4,openmp,12,guided,1,4096,4096,1000,-2,1,-1.5,1.5,1.141000032,0.039999962,0.277000189,0.671000103,1.141000032,0.757230,92898745,241257732.417,411959271,12,guided,1,e50c4473b1256734f2a689a350cd056774c7a3aa5461a598bb12055c19c5c817,True,True,1.196,mandelbrot_omp_padrao_4096.exe
"medicao|openmp|padrao|4096|t12|guided,16|r4",2026-09-20T22:48:26,padrao,medicao,4,openmp,12,guided,16,4096,4096,1000,-2,1,-1.5,1.5,1.138999939,0.039999962,0.297999859,0.681499898,1.138999939,0.738367,85303521,241257732.417,411959271,12,guided,16,e50c4473b1256734f2a689a350cd056774c7a3aa5461a598bb12055c19c5c817,True,True,1.194,mandelbrot_omp_padrao_4096.exe
"medicao|openmp|padrao|4096|t4|static,0|r4",2026-09-20T22:48:29,padrao,medicao,4,openmp,4,static,0,4096,4096,1000,-2,1,-1.5,1.5,3.506999969,0.039999962,0.098999977,1.802500010,3.506000042,0.971763,42523279,723773197.250,1405022951,4,static,0,e50c4473b1256734f2a689a350cd056774c7a3aa5461a598bb12055c19c5c817,True,True,3.562,mandelbrot_omp_padrao_4096.exe
"medicao|openmp|padrao|4096|t12|static,4|r4",2026-09-20T22:48:30,padrao,medicao,4,openmp,12,static,4,4096,4096,1000,-2,1,-1.5,1.5,0.720999956,0.044000149,0.677999973,0.696083347,0.718999863,0.057024,240651390,241257732.417,241844377,12,static,4,e50c4473b1256734f2a689a350cd056774c7a3aa5461a598bb12055c19c5c817,True,True,0.782,mandelbrot_omp_padrao_4096.exe
"medicao|openmp|padrao|4096|t6|dynamic,4|r4",2026-09-20T22:48:32,padrao,medicao,4,openmp,6,dynamic,4,4096,4096,1000,-2,1,-1.5,1.5,1.286000013,0.039999962,1.286000013,1.286000013,1.286000013,0.000000,481452146,482515464.833,483667152,6,dynamic,4,e50c4473b1256734f2a689a350cd056774c7a3aa5461a598bb12055c19c5c817,True,True,1.343,mandelbrot_omp_padrao_4096.exe
"medicao|openmp|padrao|4096|t6|static,1|r4",2026-09-20T22:48:33,padrao,medicao,4,openmp,6,static,1,4096,4096,1000,-2,1,-1.5,1.5,1.292000055,0.042000055,1.288000107,1.289333423,1.291000128,0.002324,482506261,482515464.833,482524461,6,static,1,e50c4473b1256734f2a689a350cd056774c7a3aa5461a598bb12055c19c5c817,True,True,1.351,mandelbrot_omp_padrao_4096.exe
"medicao|openmp|padrao|4096|t4|guided,1|r4",2026-09-20T22:48:36,padrao,medicao,4,openmp,4,guided,1,4096,4096,1000,-2,1,-1.5,1.5,3.112999916,0.042999983,0.576999903,1.846749902,3.112999916,0.814648,222260573,723773197.250,1234556368,4,guided,1,e50c4473b1256734f2a689a350cd056774c7a3aa5461a598bb12055c19c5c817,True,True,3.170,mandelbrot_omp_padrao_4096.exe
"medicao|openmp|padrao|4096|t6|dynamic,64|r4",2026-09-20T22:48:38,padrao,medicao,4,openmp,6,dynamic,64,4096,4096,1000,-2,1,-1.5,1.5,1.301000118,0.040999889,1.275000095,1.281833410,1.301000118,0.019985,480608958,482515464.833,489411429,6,dynamic,64,e50c4473b1256734f2a689a350cd056774c7a3aa5461a598bb12055c19c5c817,True,True,1.356,mandelbrot_omp_padrao_4096.exe
"medicao|openmp|padrao|4096|t12|dynamic,16|r4",2026-09-20T22:48:39,padrao,medicao,4,openmp,12,dynamic,16,4096,4096,1000,-2,1,-1.5,1.5,0.732000113,0.040999889,0.730999947,0.730999947,0.730999947,0.000000,217799396,241257732.417,255537793,12,dynamic,16,e50c4473b1256734f2a689a350cd056774c7a3aa5461a598bb12055c19c5c817,True,True,0.788,mandelbrot_omp_padrao_4096.exe
"medicao|openmp|padrao|4096|t4|static,1|r4",2026-09-20T22:48:41,padrao,medicao,4,openmp,4,static,1,4096,4096,1000,-2,1,-1.5,1.5,1.883000135,0.039999962,1.870999813,1.876999915,1.881999969,0.005845,723751348,723773197.250,723794999,4,static,1,e50c4473b1256734f2a689a350cd056774c7a3aa5461a598bb12055c19c5c817,True,True,1.941,mandelbrot_omp_padrao_4096.exe
"medicao|openmp|padrao|4096|t12|static,16|r4",2026-09-20T22:48:41,padrao,medicao,4,openmp,12,static,16,4096,4096,1000,-2,1,-1.5,1.5,0.723000050,0.041000128,0.675999880,0.694916606,0.721999884,0.063712,239894689,241257732.417,243323173,12,static,16,e50c4473b1256734f2a689a350cd056774c7a3aa5461a598bb12055c19c5c817,True,True,0.778,mandelbrot_omp_padrao_4096.exe
"medicao|openmp|padrao|4096|t1|dynamic,1|r4",2026-09-20T22:48:49,padrao,medicao,4,openmp,1,dynamic,1,4096,4096,1000,-2,1,-1.5,1.5,6.988000154,0.044999838,6.988000154,6.988000154,6.988000154,0.000000,2895092789,2895092789.000,2895092789,1,dynamic,1,e50c4473b1256734f2a689a350cd056774c7a3aa5461a598bb12055c19c5c817,True,True,7.049,mandelbrot_omp_padrao_4096.exe
"medicao|openmp|padrao|4096|t12|dynamic,4|r4",2026-09-20T22:48:49,padrao,medicao,4,openmp,12,dynamic,4,4096,4096,1000,-2,1,-1.5,1.5,0.702999830,0.042000055,0.700000048,0.701916575,0.702999830,0.004267,225182759,241257732.417,249515893,12,dynamic,4,e50c4473b1256734f2a689a350cd056774c7a3aa5461a598bb12055c19c5c817,True,True,0.761,mandelbrot_omp_padrao_4096.exe
"medicao|openmp|padrao|4096|t4|dynamic,16|r5",2026-09-20T22:48:51,padrao,medicao,5,openmp,4,dynamic,16,4096,4096,1000,-2,1,-1.5,1.5,1.880000114,0.039999962,1.880000114,1.880000114,1.880000114,0.000000,722324986,723773197.250,724668198,4,dynamic,16,e50c4473b1256734f2a689a350cd056774c7a3aa5461a598bb12055c19c5c817,True,True,1.938,mandelbrot_omp_padrao_4096.exe
"medicao|openmp|padrao|4096|t12|static,256|r5",2026-09-20T22:48:53,padrao,medicao,5,openmp,12,static,256,4096,4096,1000,-2,1,-1.5,1.5,1.457999945,0.040999889,0.016000032,0.643750032,1.457000017,0.989019,6086561,241257732.417,555254441,12,static,256,e50c4473b1256734f2a689a350cd056774c7a3aa5461a598bb12055c19c5c817,True,True,1.514,mandelbrot_omp_padrao_4096.exe
"medicao|openmp|padrao|4096|t6|static,256|r5",2026-09-20T22:48:55,padrao,medicao,5,openmp,6,static,256,4096,4096,1000,-2,1,-1.5,1.5,1.477999926,0.039999962,1.144999981,1.274333278,1.477999926,0.225304,432732684,482515464.833,561341002,6,static,256,e50c4473b1256734f2a689a350cd056774c7a3aa5461a598bb12055c19c5c817,True,True,1.535,mandelbrot_omp_padrao_4096.exe
"medicao|openmp|padrao|4096|t6|guided,16|r5",2026-09-20T22:48:57,padrao,medicao,5,openmp,6,guided,16,4096,4096,1000,-2,1,-1.5,1.5,2.180999994,0.039999962,0.522000074,1.257333438,2.180000067,0.760550,199195041,482515464.833,849581425,6,guided,16,e50c4473b1256734f2a689a350cd056774c7a3aa5461a598bb12055c19c5c817,True,True,2.234,mandelbrot_omp_padrao_4096.exe
"medicao|openmp|padrao|4096|t8|dynamic,1|r5",2026-09-20T22:48:58,padrao,medicao,5,openmp,8,dynamic,1,4096,4096,1000,-2,1,-1.5,1.5,0.989000082,0.039999962,0.987999916,0.987999916,0.987999916,0.000000,360353995,361886598.625,363378072,8,dynamic,1,e50c4473b1256734f2a689a350cd056774c7a3aa5461a598bb12055c19c5c817,True,True,1.045,mandelbrot_omp_padrao_4096.exe
"medicao|openmp|padrao|4096|t12|dynamic,1|r5",2026-09-20T22:48:59,padrao,medicao,5,openmp,12,dynamic,1,4096,4096,1000,-2,1,-1.5,1.5,0.693000078,0.069000006,0.693000078,0.693000078,0.693000078,0.000000,235638666,241257732.417,246089446,12,dynamic,1,e50c4473b1256734f2a689a350cd056774c7a3aa5461a598bb12055c19c5c817,True,True,0.779,mandelbrot_omp_padrao_4096.exe
"medicao|openmp|padrao|4096|t6|static,1|r5",2026-09-20T22:49:00,padrao,medicao,5,openmp,6,static,1,4096,4096,1000,-2,1,-1.5,1.5,1.289999962,0.039999962,1.286000013,1.287833254,1.289999962,0.003101,482506261,482515464.833,482524461,6,static,1,e50c4473b1256734f2a689a350cd056774c7a3aa5461a598bb12055c19c5c817,True,True,1.346,mandelbrot_omp_padrao_4096.exe
"medicao|openmp|padrao|4096|t2|static,0|r5",2026-09-20T22:49:04,padrao,medicao,5,openmp,2,static,0,4096,4096,1000,-2,1,-1.5,1.5,3.590999842,0.041000128,3.588999987,3.589999914,3.590999842,0.000557,1447546230,1447546394.500,1447546559,2,static,0,e50c4473b1256734f2a689a350cd056774c7a3aa5461a598bb12055c19c5c817,True,True,3.646,mandelbrot_omp_padrao_4096.exe
"medicao|openmp|padrao|4096|t6|static,0|r5",2026-09-20T22:49:07,padrao,medicao,5,openmp,6,static,0,4096,4096,1000,-2,1,-1.5,1.5,2.996000051,0.039999962,0.014999866,1.222999851,2.994999886,0.994992,6649179,482515464.833,1189490404,6,static,0,e50c4473b1256734f2a689a350cd056774c7a3aa5461a598bb12055c19c5c817,True,True,3.050,mandelbrot_omp_padrao_4096.exe
"medicao|openmp|padrao|4096|t4|static,0|r5",2026-09-20T22:49:11,padrao,medicao,5,openmp,4,static,0,4096,4096,1000,-2,1,-1.5,1.5,3.515000105,0.046000004,0.101999998,1.808500051,3.515000105,0.970982,42523279,723773197.250,1405022951,4,static,0,e50c4473b1256734f2a689a350cd056774c7a3aa5461a598bb12055c19c5c817,True,True,3.576,mandelbrot_omp_padrao_4096.exe
"medicao|openmp|padrao|4096|t12|guided,1|r5",2026-09-20T22:49:12,padrao,medicao,5,openmp,12,guided,1,4096,4096,1000,-2,1,-1.5,1.5,1.118000031,0.040999889,0.270999908,0.674833337,1.118000031,0.757603,94543437,241257732.417,411959271,12,guided,1,e50c4473b1256734f2a689a350cd056774c7a3aa5461a598bb12055c19c5c817,True,True,1.175,mandelbrot_omp_padrao_4096.exe
"medicao|openmp|padrao|4096|t12|static,64|r5",2026-09-20T22:49:13,padrao,medicao,5,openmp,12,static,64,4096,4096,1000,-2,1,-1.5,1.5,0.825000048,0.041000128,0.638999939,0.734083235,0.823999882,0.224515,216854723,241257732.417,277983627,12,static,64,e50c4473b1256734f2a689a350cd056774c7a3aa5461a598bb12055c19c5c817,True,True,0.881,mandelbrot_omp_padrao_4096.exe
"medicao|openmp|padrao|4096|t6|dynamic,64|r5",2026-09-20T22:49:14,padrao,medicao,5,openmp,6,dynamic,64,4096,4096,1000,-2,1,-1.5,1.5,1.305000067,0.040999889,1.282000065,1.286166708,1.305000067,0.017625,480461043,482515464.833,489411429,6,dynamic,64,e50c4473b1256734f2a689a350cd056774c7a3aa5461a598bb12055c19c5c817,True,True,1.360,mandelbrot_omp_padrao_4096.exe
"medicao|openmp|padrao|4096|t6|dynamic,256|r5",2026-09-20T22:49:16,padrao,medicao,5,openmp,6,dynamic,256,4096,4096,1000,-2,1,-1.5,1.5,1.486000061,0.040999889,1.168999910,1.289333344,1.486000061,0.213324,436427290,482515464.833,558949047,6,dynamic,256,e50c4473b1256734f2a689a350cd056774c7a3aa5461a598bb12055c19c5c817,True,True,1.541,mandelbrot_omp_padrao_4096.exe
"medicao|openmp|padrao|4096|t6|dynamic,16|r5",2026-09-20T22:49:17,padrao,medicao,5,openmp,6,dynamic,16,4096,4096,1000,-2,1,-1.5,1.5,1.286000013,0.040999889,1.286000013,1.286000013,1.286000013,0.000000,481345714,482515464.833,483315494,6,dynamic,16,e50c4473b1256734f2a689a350cd056774c7a3aa5461a598bb12055c19c5c817,True,True,1.342,mandelbrot_omp_padrao_4096.exe
"medicao|openmp|padrao|4096|t8|dynamic,16|r5",2026-09-20T22:49:19,padrao,medicao,5,openmp,8,dynamic,16,4096,4096,1000,-2,1,-1.5,1.5,0.980000019,0.041000128,0.978999853,0.978999853,0.978999853,0.000000,360800327,361886598.625,362779800,8,dynamic,16,e50c4473b1256734f2a689a350cd056774c7a3aa5461a598bb12055c19c5c817,True,True,1.035,mandelbrot_omp_padrao_4096.exe
"medicao|openmp|padrao|4096|t8|static,1|r5",2026-09-20T22:49:20,padrao,medicao,5,openmp,8,static,1,4096,4096,1000,-2,1,-1.5,1.5,0.990999937,0.040999889,0.983999968,0.986624897,0.990999937,0.007064,361779769,361886598.625,361971817,8,static,1,e50c4473b1256734f2a689a350cd056774c7a3aa5461a598bb12055c19c5c817,True,True,1.049,mandelbrot_omp_padrao_4096.exe
"medicao|openmp|padrao|4096|t1|dynamic,1|r5",2026-09-20T22:49:27,padrao,medicao,5,openmp,1,dynamic,1,4096,4096,1000,-2,1,-1.5,1.5,7.006000042,0.042000055,7.006000042,7.006000042,7.006000042,0.000000,2895092789,2895092789.000,2895092789,1,dynamic,1,e50c4473b1256734f2a689a350cd056774c7a3aa5461a598bb12055c19c5c817,True,True,7.061,mandelbrot_omp_padrao_4096.exe
"medicao|openmp|padrao|4096|t12|guided,16|r5",2026-09-20T22:49:28,padrao,medicao,5,openmp,12,guided,16,4096,4096,1000,-2,1,-1.5,1.5,1.104000092,0.039000034,0.329999924,0.687249998,1.104000092,0.701087,82839496,241257732.417,411959271,12,guided,16,e50c4473b1256734f2a689a350cd056774c7a3aa5461a598bb12055c19c5c817,True,True,1.159,mandelbrot_omp_padrao_4096.exe
"medicao|openmp|padrao|4096|t6|dynamic,4|r5",2026-09-20T22:49:29,padrao,medicao,5,openmp,6,dynamic,4,4096,4096,1000,-2,1,-1.5,1.5,1.288000107,0.038999796,1.288000107,1.288000107,1.288000107,0.000000,481046284,482515464.833,484320970,6,dynamic,4,e50c4473b1256734f2a689a350cd056774c7a3aa5461a598bb12055c19c5c817,True,True,1.343,mandelbrot_omp_padrao_4096.exe
"medicao|openmp|padrao|4096|t6|guided,1|r5",2026-09-20T22:49:32,padrao,medicao,5,openmp,6,guided,1,4096,4096,1000,-2,1,-1.5,1.5,2.178999901,0.040000200,0.518000126,1.252500017,2.178999901,0.762276,199195041,482515464.833,849581425,6,guided,1,e50c4473b1256734f2a689a350cd056774c7a3aa5461a598bb12055c19c5c817,True,True,2.234,mandelbrot_omp_padrao_4096.exe
"medicao|openmp|padrao|4096|t6|guided,64|r5",2026-09-20T22:49:34,padrao,medicao,5,openmp,6,guided,64,4096,4096,1000,-2,1,-1.5,1.5,2.175000191,0.039000034,0.522000074,1.254000068,2.174000025,0.759890,199195041,482515464.833,849581425,6,guided,64,e50c4473b1256734f2a689a350cd056774c7a3aa5461a598bb12055c19c5c817,True,True,2.228,mandelbrot_omp_padrao_4096.exe
"medicao|openmp|padrao|4096|t4|guided,1|r5",2026-09-20T22:49:37,padrao,medicao,5,openmp,4,guided,1,4096,4096,1000,-2,1,-1.5,1.5,3.103999853,0.039000034,0.565999985,1.837249935,3.103999853,0.817655,222260573,723773197.250,1234556368,4,guided,1,e50c4473b1256734f2a689a350cd056774c7a3aa5461a598bb12055c19c5c817,True,True,3.159,mandelbrot_omp_padrao_4096.exe
"medicao|openmp|padrao|4096|t12|static,1|r5",2026-09-20T22:49:38,padrao,medicao,5,openmp,12,static,1,4096,4096,1000,-2,1,-1.5,1.5,0.756999969,0.041000128,0.689999819,0.715333243,0.755999804,0.087302,241212351,241257732.417,241297033,12,static,1,e50c4473b1256734f2a689a350cd056774c7a3aa5461a598bb12055c19c5c817,True,True,0.813,mandelbrot_omp_padrao_4096.exe
"medicao|openmp|padrao|4096|t8|static,0|r5",2026-09-20T22:49:41,padrao,medicao,5,openmp,8,static,0,4096,4096,1000,-2,1,-1.5,1.5,2.487999916,0.041000128,0.009000063,0.930000037,2.486999989,0.996381,4290932,361886598.625,972289686,8,static,0,e50c4473b1256734f2a689a350cd056774c7a3aa5461a598bb12055c19c5c817,True,True,2.542,mandelbrot_omp_padrao_4096.exe
"medicao|openmp|padrao|4096|t2|static,1|r5",2026-09-20T22:49:45,padrao,medicao,5,openmp,2,static,1,4096,4096,1000,-2,1,-1.5,1.5,3.621999979,0.039000034,3.621999979,3.621999979,3.621999979,0.000000,1447546204,1447546394.500,1447546585,2,static,1,e50c4473b1256734f2a689a350cd056774c7a3aa5461a598bb12055c19c5c817,True,True,3.678,mandelbrot_omp_padrao_4096.exe
"medicao|openmp|padrao|4096|t6|guided,4|r5",2026-09-20T22:49:47,padrao,medicao,5,openmp,6,guided,4,4096,4096,1000,-2,1,-1.5,1.5,2.162999868,0.041000128,0.525999784,1.247999827,2.162999868,0.756819,199326206,482515464.833,849581425,6,guided,4,e50c4473b1256734f2a689a350cd056774c7a3aa5461a598bb12055c19c5c817,True,True,2.219,mandelbrot_omp_padrao_4096.exe
"medicao|openmp|padrao|4096|t12|guided,4|r5",2026-09-20T22:49:48,padrao,medicao,5,openmp,12,guided,4,4096,4096,1000,-2,1,-1.5,1.5,1.137000084,0.040999889,0.290000200,0.681250056,1.136000156,0.744718,88952985,241257732.417,411959271,12,guided,4,e50c4473b1256734f2a689a350cd056774c7a3aa5461a598bb12055c19c5c817,True,True,1.194,mandelbrot_omp_padrao_4096.exe
"medicao|openmp|padrao|4096|t2|dynamic,1|r5",2026-09-20T22:49:52,padrao,medicao,5,openmp,2,dynamic,1,4096,4096,1000,-2,1,-1.5,1.5,3.595000029,0.039000034,3.594000101,3.594000101,3.594000101,0.000000,1446900656,1447546394.500,1448192133,2,dynamic,1,e50c4473b1256734f2a689a350cd056774c7a3aa5461a598bb12055c19c5c817,True,True,3.651,mandelbrot_omp_padrao_4096.exe
"medicao|openmp|padrao|4096|t12|dynamic,256|r5",2026-09-20T22:49:53,padrao,medicao,5,openmp,12,dynamic,256,4096,4096,1000,-2,1,-1.5,1.5,1.490999937,0.067000151,0.018000126,0.653666695,1.490999937,0.987927,6086561,241257732.417,555254441,12,dynamic,256,e50c4473b1256734f2a689a350cd056774c7a3aa5461a598bb12055c19c5c817,True,True,1.572,mandelbrot_omp_padrao_4096.exe
"medicao|openmp|padrao|4096|t12|guided,64|r5",2026-09-20T22:49:55,padrao,medicao,5,openmp,12,guided,64,4096,4096,1000,-2,1,-1.5,1.5,1.105999947,0.042999983,0.267999887,0.663666626,1.105000019,0.757466,94543437,241257732.417,411959271,12,guided,64,e50c4473b1256734f2a689a350cd056774c7a3aa5461a598bb12055c19c5c817,True,True,1.162,mandelbrot_omp_padrao_4096.exe
"medicao|openmp|padrao|4096|t2|dynamic,16|r5",2026-09-20T22:49:58,padrao,medicao,5,openmp,2,dynamic,16,4096,4096,1000,-2,1,-1.5,1.5,3.586999893,0.039999962,3.585999966,3.586499929,3.586999893,0.000279,1447466981,1447546394.500,1447625808,2,dynamic,16,e50c4473b1256734f2a689a350cd056774c7a3aa5461a598bb12055c19c5c817,True,True,3.642,mandelbrot_omp_padrao_4096.exe
"medicao|openmp|padrao|4096|t12|static,4|r5",2026-09-20T22:49:59,padrao,medicao,5,openmp,12,static,4,4096,4096,1000,-2,1,-1.5,1.5,0.744000196,0.040999889,0.686000109,0.699416598,0.743000031,0.076716,240651390,241257732.417,241844377,12,static,4,e50c4473b1256734f2a689a350cd056774c7a3aa5461a598bb12055c19c5c817,True,True,0.804,mandelbrot_omp_padrao_4096.exe
"medicao|openmp|padrao|4096|t6|static,16|r5",2026-09-20T22:50:01,padrao,medicao,5,openmp,6,static,16,4096,4096,1000,-2,1,-1.5,1.5,1.292000055,0.041999817,1.279000044,1.283833265,1.292000055,0.010062,480487748,482515464.833,485389628,6,static,16,e50c4473b1256734f2a689a350cd056774c7a3aa5461a598bb12055c19c5c817,True,True,1.350,mandelbrot_omp_padrao_4096.exe
"medicao|openmp|padrao|4096|t6|dynamic,1|r5",2026-09-20T22:50:02,padrao,medicao,5,openmp,6,dynamic,1,4096,4096,1000,-2,1,-1.5,1.5,1.289999962,0.042000055,1.289999962,1.289999962,1.289999962,0.000000,481055955,482515464.833,484722093,6,dynamic,1,e50c4473b1256734f2a689a350cd056774c7a3aa5461a598bb12055c19c5c817,True,True,1.349,mandelbrot_omp_padrao_4096.exe
"medicao|openmp|padrao|4096|t12|static,16|r5",2026-09-20T22:50:03,padrao,medicao,5,openmp,12,static,16,4096,4096,1000,-2,1,-1.5,1.5,0.768000126,0.042999983,0.700000048,0.737416804,0.768000126,0.088542,239894689,241257732.417,243323173,12,static,16,e50c4473b1256734f2a689a350cd056774c7a3aa5461a598bb12055c19c5c817,True,True,0.826,mandelbrot_omp_padrao_4096.exe
"medicao|openmp|padrao|4096|t12|dynamic,16|r5",2026-09-20T22:50:04,padrao,medicao,5,openmp,12,dynamic,16,4096,4096,1000,-2,1,-1.5,1.5,0.720000029,0.045000076,0.713000059,0.714333355,0.720000029,0.009722,227314025,241257732.417,252681179,12,dynamic,16,e50c4473b1256734f2a689a350cd056774c7a3aa5461a598bb12055c19c5c817,True,True,0.780,mandelbrot_omp_padrao_4096.exe
"medicao|openmp|padrao|4096|t12|dynamic,4|r5",2026-09-20T22:50:05,padrao,medicao,5,openmp,12,dynamic,4,4096,4096,1000,-2,1,-1.5,1.5,0.700000048,0.041000128,0.697000027,0.698833227,0.698999882,0.002861,229411203,241257732.417,245969514,12,dynamic,4,e50c4473b1256734f2a689a350cd056774c7a3aa5461a598bb12055c19c5c817,True,True,0.755,mandelbrot_omp_padrao_4096.exe
"medicao|openmp|padrao|4096|t8|guided,1|r5",2026-09-20T22:50:06,padrao,medicao,5,openmp,8,guided,1,4096,4096,1000,-2,1,-1.5,1.5,1.608999968,0.040999889,0.364999771,0.957124889,1.608999968,0.773151,135801095,361886598.625,617593212,8,guided,1,e50c4473b1256734f2a689a350cd056774c7a3aa5461a598bb12055c19c5c817,True,True,1.663,mandelbrot_omp_padrao_4096.exe
"medicao|openmp|padrao|4096|t6|static,4|r5",2026-09-20T22:50:08,padrao,medicao,5,openmp,6,static,4,4096,4096,1000,-2,1,-1.5,1.5,1.289000034,0.039999962,1.277999878,1.283666531,1.287999868,0.007764,482459219,482515464.833,482591146,6,static,4,e50c4473b1256734f2a689a350cd056774c7a3aa5461a598bb12055c19c5c817,True,True,1.345,mandelbrot_omp_padrao_4096.exe
"medicao|openmp|padrao|4096|t12|dynamic,64|r5",2026-09-20T22:50:09,padrao,medicao,5,openmp,12,dynamic,64,4096,4096,1000,-2,1,-1.5,1.5,0.851000071,0.041000128,0.727999926,0.762916605,0.849999905,0.143529,202786789,241257732.417,288286337,12,dynamic,64,e50c4473b1256734f2a689a350cd056774c7a3aa5461a598bb12055c19c5c817,True,True,0.907,mandelbrot_omp_padrao_4096.exe
"medicao|openmp|padrao|4096|t4|dynamic,1|r5",2026-09-20T22:50:11,padrao,medicao,5,openmp,4,dynamic,1,4096,4096,1000,-2,1,-1.5,1.5,1.883000135,0.039999962,1.882000208,1.882000208,1.882000208,0.000000,721756747,723773197.250,725589247,4,dynamic,1,e50c4473b1256734f2a689a350cd056774c7a3aa5461a598bb12055c19c5c817,True,True,1.938,mandelbrot_omp_padrao_4096.exe
"medicao|openmp|padrao|4096|t2|guided,1|r5",2026-09-20T22:50:15,padrao,medicao,5,openmp,2,guided,1,4096,4096,1000,-2,1,-1.5,1.5,3.592000008,0.039999962,3.592000008,3.592000008,3.592000008,0.000000,1447246491,1447546394.500,1447846298,2,guided,1,e50c4473b1256734f2a689a350cd056774c7a3aa5461a598bb12055c19c5c817,True,True,3.646,mandelbrot_omp_padrao_4096.exe
"medicao|openmp|padrao|4096|t6|static,64|r5",2026-09-20T22:50:16,padrao,medicao,5,openmp,6,static,64,4096,4096,1000,-2,1,-1.5,1.5,1.312999964,0.042999983,1.243000031,1.277833382,1.312999964,0.053313,470080461,482515464.833,494838350,6,static,64,e50c4473b1256734f2a689a350cd056774c7a3aa5461a598bb12055c19c5c817,True,True,1.370,mandelbrot_omp_padrao_4096.exe
"medicao|openmp|padrao|4096|t12|static,0|r5",2026-09-20T22:50:18,padrao,medicao,5,openmp,12,static,0,4096,4096,1000,-2,1,-1.5,1.5,1.871000051,0.038000107,0.007999897,0.635583242,1.869999886,0.995722,2626500,241257732.417,718283717,12,static,0,e50c4473b1256734f2a689a350cd056774c7a3aa5461a598bb12055c19c5c817,True,True,1.923,mandelbrot_omp_padrao_4096.exe
"medicao|openmp|padrao|4096|t4|static,1|r5",2026-09-20T22:50:20,padrao,medicao,5,openmp,4,static,1,4096,4096,1000,-2,1,-1.5,1.5,1.888000011,0.039999962,1.881999969,1.885749996,1.888000011,0.003178,723751348,723773197.250,723794999,4,static,1,e50c4473b1256734f2a689a350cd056774c7a3aa5461a598bb12055c19c5c817,True,True,1.944,mandelbrot_omp_padrao_4096.exe
"baseline_fim|sequencial|padrao|4096|t1|nenhum,0|r1",2026-09-20T22:50:27,padrao,baseline_fim,1,sequencial,1,nenhum,0,4096,4096,1000,-2,1,-1.5,1.5,6.931999922,0.039000034,6.931999922,6.931999922,6.931999922,0.000000,2895092789,2895092789.000,2895092789,1,nenhum,0,e50c4473b1256734f2a689a350cd056774c7a3aa5461a598bb12055c19c5c817,True,True,6.986,mandelbrot_seq_padrao_4096.exe
"baseline_fim|sequencial|padrao|4096|t1|nenhum,0|r2",2026-09-20T22:50:34,padrao,baseline_fim,2,sequencial,1,nenhum,0,4096,4096,1000,-2,1,-1.5,1.5,6.950000048,0.039999962,6.950000048,6.950000048,6.950000048,0.000000,2895092789,2895092789.000,2895092789,1,nenhum,0,e50c4473b1256734f2a689a350cd056774c7a3aa5461a598bb12055c19c5c817,True,True,7.006,mandelbrot_seq_padrao_4096.exe
"baseline_fim|sequencial|padrao|4096|t1|nenhum,0|r3",2026-09-20T22:50:41,padrao,baseline_fim,3,sequencial,1,nenhum,0,4096,4096,1000,-2,1,-1.5,1.5,6.943000078,0.039999962,6.943000078,6.943000078,6.943000078,0.000000,2895092789,2895092789.000,2895092789,1,nenhum,0,e50c4473b1256734f2a689a350cd056774c7a3aa5461a598bb12055c19c5c817,True,True,6.999,mandelbrot_seq_padrao_4096.exe
"baseline_ini|sequencial|zoom|4096|t1|nenhum,0|r1",2026-09-20T22:53:52,zoom,baseline_ini,1,sequencial,1,nenhum,0,4096,4096,5000,-0.745143887,-0.742143887,0.13032590399999999,0.133325904,3.087000132,0.038999796,3.087000132,3.087000132,3.087000132,0.000000,1264428688,1264428688.000,1264428688,1,nenhum,0,e69dba7173ce24c6a7da469a73d8ffbc979bc58101ec20458f333f9b8208dba2,True,True,3.184,mandelbrot_seq_zoom_4096.exe
"baseline_ini|sequencial|zoom|4096|t1|nenhum,0|r2",2026-09-20T22:53:55,zoom,baseline_ini,2,sequencial,1,nenhum,0,4096,4096,5000,-0.745143887,-0.742143887,0.13032590399999999,0.133325904,3.111999989,0.046999931,3.111999989,3.111999989,3.111999989,0.000000,1264428688,1264428688.000,1264428688,1,nenhum,0,e69dba7173ce24c6a7da469a73d8ffbc979bc58101ec20458f333f9b8208dba2,True,True,3.174,mandelbrot_seq_zoom_4096.exe
"baseline_ini|sequencial|zoom|4096|t1|nenhum,0|r3",2026-09-20T22:53:59,zoom,baseline_ini,3,sequencial,1,nenhum,0,4096,4096,5000,-0.745143887,-0.742143887,0.13032590399999999,0.133325904,3.093999863,0.071000099,3.093999863,3.093999863,3.093999863,0.000000,1264428688,1264428688.000,1264428688,1,nenhum,0,e69dba7173ce24c6a7da469a73d8ffbc979bc58101ec20458f333f9b8208dba2,True,True,3.181,mandelbrot_seq_zoom_4096.exe
"baseline_ini|sequencial|zoom|4096|t1|nenhum,0|r4",2026-09-20T22:54:02,zoom,baseline_ini,4,sequencial,1,nenhum,0,4096,4096,5000,-0.745143887,-0.742143887,0.13032590399999999,0.133325904,3.088000059,0.042999983,3.088000059,3.088000059,3.088000059,0.000000,1264428688,1264428688.000,1264428688,1,nenhum,0,e69dba7173ce24c6a7da469a73d8ffbc979bc58101ec20458f333f9b8208dba2,True,True,3.145,mandelbrot_seq_zoom_4096.exe
"baseline_ini|sequencial|zoom|4096|t1|nenhum,0|r5",2026-09-20T22:54:05,zoom,baseline_ini,5,sequencial,1,nenhum,0,4096,4096,5000,-0.745143887,-0.742143887,0.13032590399999999,0.133325904,3.118999958,0.042000055,3.118999958,3.118999958,3.118999958,0.000000,1264428688,1264428688.000,1264428688,1,nenhum,0,e69dba7173ce24c6a7da469a73d8ffbc979bc58101ec20458f333f9b8208dba2,True,True,3.175,mandelbrot_seq_zoom_4096.exe
"baseline_ini|sequencial|zoom|4096|t1|nenhum,0|r6",2026-09-20T22:54:08,zoom,baseline_ini,6,sequencial,1,nenhum,0,4096,4096,5000,-0.745143887,-0.742143887,0.13032590399999999,0.133325904,3.157999992,0.043999910,3.157999992,3.157999992,3.157999992,0.000000,1264428688,1264428688.000,1264428688,1,nenhum,0,e69dba7173ce24c6a7da469a73d8ffbc979bc58101ec20458f333f9b8208dba2,True,True,3.219,mandelbrot_seq_zoom_4096.exe
"baseline_ini|sequencial|zoom|4096|t1|nenhum,0|r7",2026-09-20T22:54:12,zoom,baseline_ini,7,sequencial,1,nenhum,0,4096,4096,5000,-0.745143887,-0.742143887,0.13032590399999999,0.133325904,3.125999928,0.039999962,3.125999928,3.125999928,3.125999928,0.000000,1264428688,1264428688.000,1264428688,1,nenhum,0,e69dba7173ce24c6a7da469a73d8ffbc979bc58101ec20458f333f9b8208dba2,True,True,3.181,mandelbrot_seq_zoom_4096.exe
"medicao|openmp|zoom|4096|t6|dynamic,4|r1",2026-09-20T22:54:12,zoom,medicao,1,openmp,6,dynamic,4,4096,4096,5000,-0.745143887,-0.742143887,0.13032590399999999,0.133325904,0.572000027,0.039999962,0.567000151,0.568833391,0.572000027,0.008741,210296779,210738114.667,211245785,6,dynamic,4,e69dba7173ce24c6a7da469a73d8ffbc979bc58101ec20458f333f9b8208dba2,True,True,0.660,mandelbrot_omp_zoom_4096.exe
"medicao|openmp|zoom|4096|t6|guided,1|r1",2026-09-20T22:54:13,zoom,medicao,1,openmp,6,guided,1,4096,4096,5000,-0.745143887,-0.742143887,0.13032590399999999,0.133325904,0.645999908,0.040000200,0.552999973,0.569166740,0.645999908,0.143963,203035496,210738114.667,240253126,6,guided,1,e69dba7173ce24c6a7da469a73d8ffbc979bc58101ec20458f333f9b8208dba2,True,True,0.701,mandelbrot_omp_zoom_4096.exe
"medicao|openmp|zoom|4096|t6|dynamic,256|r1",2026-09-20T22:54:14,zoom,medicao,1,openmp,6,dynamic,256,4096,4096,5000,-0.745143887,-0.742143887,0.13032590399999999,0.133325904,0.773999929,0.040999889,0.463999987,0.562833269,0.773999929,0.400517,172234356,210738114.667,293441467,6,dynamic,256,e69dba7173ce24c6a7da469a73d8ffbc979bc58101ec20458f333f9b8208dba2,True,True,0.832,mandelbrot_omp_zoom_4096.exe
"medicao|openmp|zoom|4096|t6|static,16|r1",2026-09-20T22:54:15,zoom,medicao,1,openmp,6,static,16,4096,4096,5000,-0.745143887,-0.742143887,0.13032590399999999,0.133325904,0.582000017,0.044000149,0.557999849,0.570166508,0.580999851,0.039587,205364267,210738114.667,214189306,6,static,16,e69dba7173ce24c6a7da469a73d8ffbc979bc58101ec20458f333f9b8208dba2,True,True,0.640,mandelbrot_omp_zoom_4096.exe
"medicao|openmp|zoom|4096|t6|guided,64|r1",2026-09-20T22:54:15,zoom,medicao,1,openmp,6,guided,64,4096,4096,5000,-0.745143887,-0.742143887,0.13032590399999999,0.133325904,0.644999981,0.040000200,0.516000032,0.567499916,0.643999815,0.198757,191296807,210738114.667,240253126,6,guided,64,e69dba7173ce24c6a7da469a73d8ffbc979bc58101ec20458f333f9b8208dba2,True,True,0.699,mandelbrot_omp_zoom_4096.exe
"medicao|openmp|zoom|4096|t12|dynamic,64|r1",2026-09-20T22:54:16,zoom,medicao,1,openmp,12,dynamic,64,4096,4096,5000,-0.745143887,-0.742143887,0.13032590399999999,0.133325904,0.365000010,0.040999889,0.276000023,0.316416701,0.364000082,0.241758,87391089,105369057.333,126655614,12,dynamic,64,e69dba7173ce24c6a7da469a73d8ffbc979bc58101ec20458f333f9b8208dba2,True,True,0.420,mandelbrot_omp_zoom_4096.exe
"medicao|openmp|zoom|4096|t2|guided,1|r1",2026-09-20T22:54:18,zoom,medicao,1,openmp,2,guided,1,4096,4096,5000,-0.745143887,-0.742143887,0.13032590399999999,0.133325904,1.976000071,0.042999983,1.332999945,1.654500008,1.976000071,0.325405,517848247,632214344.000,746580441,2,guided,1,e69dba7173ce24c6a7da469a73d8ffbc979bc58101ec20458f333f9b8208dba2,True,True,2.034,mandelbrot_omp_zoom_4096.exe
"medicao|openmp|zoom|4096|t4|static,0|r1",2026-09-20T22:54:19,zoom,medicao,1,openmp,4,static,0,4096,4096,5000,-0.745143887,-0.742143887,0.13032590399999999,0.133325904,1.026000023,0.039999962,0.558000088,0.836000025,1.026000023,0.456140,212545577,316107172.000,390077628,4,static,0,e69dba7173ce24c6a7da469a73d8ffbc979bc58101ec20458f333f9b8208dba2,True,True,1.080,mandelbrot_omp_zoom_4096.exe
"medicao|openmp|zoom|4096|t6|static,1|r1",2026-09-20T22:54:20,zoom,medicao,1,openmp,6,static,1,4096,4096,5000,-0.745143887,-0.742143887,0.13032590399999999,0.133325904,0.572999954,0.042000055,0.568000078,0.569666664,0.572000027,0.006993,210319067,210738114.667,211029538,6,static,1,e69dba7173ce24c6a7da469a73d8ffbc979bc58101ec20458f333f9b8208dba2,True,True,0.632,mandelbrot_omp_zoom_4096.exe
"medicao|openmp|zoom|4096|t12|static,16|r1",2026-09-20T22:54:20,zoom,medicao,1,openmp,12,static,16,4096,4096,5000,-0.745143887,-0.742143887,0.13032590399999999,0.133325904,0.377000093,0.040999889,0.292000055,0.333166659,0.377000093,0.225464,100740563,105369057.333,113185517,12,static,16,e69dba7173ce24c6a7da469a73d8ffbc979bc58101ec20458f333f9b8208dba2,True,True,0.435,mandelbrot_omp_zoom_4096.exe
"medicao|openmp|zoom|4096|t8|dynamic,16|r1",2026-09-20T22:54:21,zoom,medicao,1,openmp,8,dynamic,16,4096,4096,5000,-0.745143887,-0.742143887,0.13032590399999999,0.133325904,0.447999954,0.039000034,0.430000067,0.437624991,0.447000027,0.038031,155441678,158053586.000,160864843,8,dynamic,16,e69dba7173ce24c6a7da469a73d8ffbc979bc58101ec20458f333f9b8208dba2,True,True,0.503,mandelbrot_omp_zoom_4096.exe
"medicao|openmp|zoom|4096|t12|static,4|r1",2026-09-20T22:54:21,zoom,medicao,1,openmp,12,static,4,4096,4096,5000,-0.745143887,-0.742143887,0.13032590399999999,0.133325904,0.340000153,0.042999983,0.306999922,0.314249893,0.338999987,0.094395,104556181,105369057.333,106846977,12,static,4,e69dba7173ce24c6a7da469a73d8ffbc979bc58101ec20458f333f9b8208dba2,True,True,0.403,mandelbrot_omp_zoom_4096.exe
"medicao|openmp|zoom|4096|t12|dynamic,256|r1",2026-09-20T22:54:22,zoom,medicao,1,openmp,12,dynamic,256,4096,4096,5000,-0.745143887,-0.742143887,0.13032590399999999,0.133325904,0.532000065,0.039999962,0.220999956,0.321750025,0.532000065,0.584587,76007685,105369057.333,198032807,12,dynamic,256,e69dba7173ce24c6a7da469a73d8ffbc979bc58101ec20458f333f9b8208dba2,True,True,0.586,mandelbrot_omp_zoom_4096.exe
"medicao|openmp|zoom|4096|t6|static,256|r1",2026-09-20T22:54:23,zoom,medicao,1,openmp,6,static,256,4096,4096,5000,-0.745143887,-0.742143887,0.13032590399999999,0.133325904,0.759000063,0.049000025,0.361999989,0.559833328,0.759000063,0.523057,136080576,210738114.667,286833604,6,static,256,e69dba7173ce24c6a7da469a73d8ffbc979bc58101ec20458f333f9b8208dba2,True,True,0.823,mandelbrot_omp_zoom_4096.exe
"medicao|openmp|zoom|4096|t6|dynamic,16|r1",2026-09-20T22:54:24,zoom,medicao,1,openmp,6,dynamic,16,4096,4096,5000,-0.745143887,-0.742143887,0.13032590399999999,0.133325904,0.578000069,0.040999889,0.559999943,0.568499962,0.578000069,0.031142,207927474,210738114.667,215121113,6,dynamic,16,e69dba7173ce24c6a7da469a73d8ffbc979bc58101ec20458f333f9b8208dba2,True,True,0.633,mandelbrot_omp_zoom_4096.exe
"medicao|openmp|zoom|4096|t2|static,1|r1",2026-09-20T22:54:25,zoom,medicao,1,openmp,2,static,1,4096,4096,5000,-0.745143887,-0.742143887,0.13032590399999999,0.133325904,1.581999779,0.041000128,1.580999851,1.581499815,1.581999779,0.000632,632119341,632214344.000,632309347,2,static,1,e69dba7173ce24c6a7da469a73d8ffbc979bc58101ec20458f333f9b8208dba2,True,True,1.639,mandelbrot_omp_zoom_4096.exe
"medicao|openmp|zoom|4096|t6|static,0|r1",2026-09-20T22:54:26,zoom,medicao,1,openmp,6,static,0,4096,4096,5000,-0.745143887,-0.742143887,0.13032590399999999,0.133325904,0.763999939,0.042000055,0.292000055,0.561499993,0.763000011,0.617300,110260885,210738114.667,287880163,6,static,0,e69dba7173ce24c6a7da469a73d8ffbc979bc58101ec20458f333f9b8208dba2,True,True,0.820,mandelbrot_omp_zoom_4096.exe
"medicao|openmp|zoom|4096|t2|static,0|r1",2026-09-20T22:54:28,zoom,medicao,1,openmp,2,static,0,4096,4096,5000,-0.745143887,-0.742143887,0.13032590399999999,0.133325904,1.878000021,0.039999962,1.299000025,1.588000059,1.877000093,0.307938,517848247,632214344.000,746580441,2,static,0,e69dba7173ce24c6a7da469a73d8ffbc979bc58101ec20458f333f9b8208dba2,True,True,1.931,mandelbrot_omp_zoom_4096.exe
"medicao|openmp|zoom|4096|t4|static,1|r1",2026-09-20T22:54:29,zoom,medicao,1,openmp,4,static,1,4096,4096,5000,-0.745143887,-0.742143887,0.13032590399999999,0.133325904,0.835000038,0.071000099,0.831000090,0.833500087,0.835000038,0.004790,316012610,316107172.000,316196877,4,static,1,e69dba7173ce24c6a7da469a73d8ffbc979bc58101ec20458f333f9b8208dba2,True,True,0.923,mandelbrot_omp_zoom_4096.exe
"medicao|openmp|zoom|4096|t12|static,1|r1",2026-09-20T22:54:30,zoom,medicao,1,openmp,12,static,1,4096,4096,5000,-0.745143887,-0.742143887,0.13032590399999999,0.133325904,0.325000048,0.043999910,0.309999943,0.315083365,0.325000048,0.046154,105075660,105369057.333,105805555,12,static,1,e69dba7173ce24c6a7da469a73d8ffbc979bc58101ec20458f333f9b8208dba2,True,True,0.388,mandelbrot_omp_zoom_4096.exe
"medicao|openmp|zoom|4096|t6|static,64|r1",2026-09-20T22:54:31,zoom,medicao,1,openmp,6,static,64,4096,4096,5000,-0.745143887,-0.742143887,0.13032590399999999,0.133325904,0.626000166,0.041999817,0.508999825,0.579999884,0.625000000,0.185600,184776997,210738114.667,224182202,6,static,64,e69dba7173ce24c6a7da469a73d8ffbc979bc58101ec20458f333f9b8208dba2,True,True,0.682,mandelbrot_omp_zoom_4096.exe
"medicao|openmp|zoom|4096|t8|static,0|r1",2026-09-20T22:54:31,zoom,medicao,1,openmp,8,static,0,4096,4096,5000,-0.745143887,-0.742143887,0.13032590399999999,0.133325904,0.562000036,0.041000128,0.212999821,0.429374874,0.560999870,0.620321,79899736,158053586.000,205393909,8,static,0,e69dba7173ce24c6a7da469a73d8ffbc979bc58101ec20458f333f9b8208dba2,True,True,0.616,mandelbrot_omp_zoom_4096.exe
"medicao|openmp|zoom|4096|t12|dynamic,4|r1",2026-09-20T22:54:32,zoom,medicao,1,openmp,12,dynamic,4,4096,4096,5000,-0.745143887,-0.742143887,0.13032590399999999,0.133325904,0.334999800,0.043000221,0.325999975,0.330249985,0.333999872,0.023952,89228892,105369057.333,116814819,12,dynamic,4,e69dba7173ce24c6a7da469a73d8ffbc979bc58101ec20458f333f9b8208dba2,True,True,0.393,mandelbrot_omp_zoom_4096.exe
"medicao|openmp|zoom|4096|t2|dynamic,16|r1",2026-09-20T22:54:33,zoom,medicao,1,openmp,2,dynamic,16,4096,4096,5000,-0.745143887,-0.742143887,0.13032590399999999,0.133325904,1.611999989,0.040000200,1.605000019,1.608500004,1.611999989,0.004342,630087464,632214344.000,634341224,2,dynamic,16,e69dba7173ce24c6a7da469a73d8ffbc979bc58101ec20458f333f9b8208dba2,True,True,1.667,mandelbrot_omp_zoom_4096.exe
"medicao|openmp|zoom|4096|t12|static,64|r1",2026-09-20T22:54:34,zoom,medicao,1,openmp,12,static,64,4096,4096,5000,-0.745143887,-0.742143887,0.13032590399999999,0.133325904,0.360999823,0.041000128,0.251999855,0.304083308,0.359999895,0.300000,87036210,105369057.333,126338551,12,static,64,e69dba7173ce24c6a7da469a73d8ffbc979bc58101ec20458f333f9b8208dba2,True,True,0.418,mandelbrot_omp_zoom_4096.exe
"medicao|openmp|zoom|4096|t8|static,1|r1",2026-09-20T22:54:34,zoom,medicao,1,openmp,8,static,1,4096,4096,5000,-0.745143887,-0.742143887,0.13032590399999999,0.133325904,0.439000130,0.039000034,0.434999943,0.436375022,0.439000130,0.009112,157933981,158053586.000,158262896,8,static,1,e69dba7173ce24c6a7da469a73d8ffbc979bc58101ec20458f333f9b8208dba2,True,True,0.495,mandelbrot_omp_zoom_4096.exe
"medicao|openmp|zoom|4096|t6|guided,4|r1",2026-09-20T22:54:35,zoom,medicao,1,openmp,6,guided,4,4096,4096,5000,-0.745143887,-0.742143887,0.13032590399999999,0.133325904,0.674000025,0.040999889,0.575000048,0.593666673,0.674000025,0.146884,203151380,210738114.667,240253126,6,guided,4,e69dba7173ce24c6a7da469a73d8ffbc979bc58101ec20458f333f9b8208dba2,True,True,0.731,mandelbrot_omp_zoom_4096.exe
"medicao|openmp|zoom|4096|t6|dynamic,1|r1",2026-09-20T22:54:36,zoom,medicao,1,openmp,6,dynamic,1,4096,4096,5000,-0.745143887,-0.742143887,0.13032590399999999,0.133325904,0.569999933,0.042999983,0.569000006,0.569666624,0.569999933,0.001754,209621275,210738114.667,212497102,6,dynamic,1,e69dba7173ce24c6a7da469a73d8ffbc979bc58101ec20458f333f9b8208dba2,True,True,0.630,mandelbrot_omp_zoom_4096.exe
"medicao|openmp|zoom|4096|t4|dynamic,1|r1",2026-09-20T22:54:37,zoom,medicao,1,openmp,4,dynamic,1,4096,4096,5000,-0.745143887,-0.742143887,0.13032590399999999,0.133325904,0.836999893,0.042000055,0.835999966,0.835999966,0.835999966,0.000000,315514078,316107172.000,317219009,4,dynamic,1,e69dba7173ce24c6a7da469a73d8ffbc979bc58101ec20458f333f9b8208dba2,True,True,0.895,mandelbrot_omp_zoom_4096.exe
"medicao|openmp|zoom|4096|t12|dynamic,16|r1",2026-09-20T22:54:37,zoom,medicao,1,openmp,12,dynamic,16,4096,4096,5000,-0.745143887,-0.742143887,0.13032590399999999,0.133325904,0.319000006,0.042000055,0.298000097,0.307333410,0.318000078,0.062893,100354115,105369057.333,110713332,12,dynamic,16,e69dba7173ce24c6a7da469a73d8ffbc979bc58101ec20458f333f9b8208dba2,True,True,0.379,mandelbrot_omp_zoom_4096.exe
"medicao|openmp|zoom|4096|t12|dynamic,1|r1",2026-09-20T22:54:38,zoom,medicao,1,openmp,12,dynamic,1,4096,4096,5000,-0.745143887,-0.742143887,0.13032590399999999,0.133325904,0.322999954,0.042000055,0.319999933,0.321833173,0.322999954,0.009288,97200801,105369057.333,109815628,12,dynamic,1,e69dba7173ce24c6a7da469a73d8ffbc979bc58101ec20458f333f9b8208dba2,True,True,0.383,mandelbrot_omp_zoom_4096.exe
"medicao|openmp|zoom|4096|t6|static,4|r1",2026-09-20T22:54:39,zoom,medicao,1,openmp,6,static,4,4096,4096,5000,-0.745143887,-0.742143887,0.13032590399999999,0.133325904,0.571999788,0.042000055,0.564999819,0.568333228,0.571999788,0.012238,209676365,210738114.667,211735238,6,static,4,e69dba7173ce24c6a7da469a73d8ffbc979bc58101ec20458f333f9b8208dba2,True,True,0.631,mandelbrot_omp_zoom_4096.exe
"medicao|openmp|zoom|4096|t6|dynamic,64|r1",2026-09-20T22:54:39,zoom,medicao,1,openmp,6,dynamic,64,4096,4096,5000,-0.745143887,-0.742143887,0.13032590399999999,0.133325904,0.605000019,0.039999962,0.523000002,0.569666624,0.605000019,0.135537,193131328,210738114.667,223657352,6,dynamic,64,e69dba7173ce24c6a7da469a73d8ffbc979bc58101ec20458f333f9b8208dba2,True,True,0.661,mandelbrot_omp_zoom_4096.exe
"medicao|openmp|zoom|4096|t4|guided,1|r1",2026-09-20T22:54:40,zoom,medicao,1,openmp,4,guided,1,4096,4096,5000,-0.745143887,-0.742143887,0.13032590399999999,0.133325904,0.932000160,0.042000055,0.799000025,0.832750142,0.932000160,0.142704,300971817,316107172.000,356502813,4,guided,1,e69dba7173ce24c6a7da469a73d8ffbc979bc58101ec20458f333f9b8208dba2,True,True,0.989,mandelbrot_omp_zoom_4096.exe
"medicao|openmp|zoom|4096|t8|guided,1|r1",2026-09-20T22:54:41,zoom,medicao,1,openmp,8,guided,1,4096,4096,5000,-0.745143887,-0.742143887,0.13032590399999999,0.133325904,0.481999874,0.042000055,0.424999952,0.433999926,0.481999874,0.118257,153274644,158053586.000,176958086,8,guided,1,e69dba7173ce24c6a7da469a73d8ffbc979bc58101ec20458f333f9b8208dba2,True,True,0.539,mandelbrot_omp_zoom_4096.exe
"medicao|openmp|zoom|4096|t12|guided,1|r1",2026-09-20T22:54:41,zoom,medicao,1,openmp,12,guided,1,4096,4096,5000,-0.745143887,-0.742143887,0.13032590399999999,0.133325904,0.361999989,0.042999983,0.308000088,0.314750115,0.361999989,0.149171,91821634,105369057.333,125392691,12,guided,1,e69dba7173ce24c6a7da469a73d8ffbc979bc58101ec20458f333f9b8208dba2,True,True,0.418,mandelbrot_omp_zoom_4096.exe
"medicao|openmp|zoom|4096|t4|dynamic,16|r1",2026-09-20T22:54:42,zoom,medicao,1,openmp,4,dynamic,16,4096,4096,5000,-0.745143887,-0.742143887,0.13032590399999999,0.133325904,0.852999926,0.042000055,0.838999987,0.846749902,0.852999926,0.016413,311454169,316107172.000,321585974,4,dynamic,16,e69dba7173ce24c6a7da469a73d8ffbc979bc58101ec20458f333f9b8208dba2,True,True,0.911,mandelbrot_omp_zoom_4096.exe
"medicao|openmp|zoom|4096|t2|dynamic,1|r1",2026-09-20T22:54:44,zoom,medicao,1,openmp,2,dynamic,1,4096,4096,5000,-0.745143887,-0.742143887,0.13032590399999999,0.133325904,1.599999905,0.041000128,1.598000050,1.598500013,1.598999977,0.000625,632085701,632214344.000,632342987,2,dynamic,1,e69dba7173ce24c6a7da469a73d8ffbc979bc58101ec20458f333f9b8208dba2,True,True,1.660,mandelbrot_omp_zoom_4096.exe
"medicao|openmp|zoom|4096|t12|guided,64|r1",2026-09-20T22:54:45,zoom,medicao,1,openmp,12,guided,64,4096,4096,5000,-0.745143887,-0.742143887,0.13032590399999999,0.133325904,0.394000053,0.040999889,0.275000095,0.324000041,0.394000053,0.302030,87046664,105369057.333,126434043,12,guided,64,e69dba7173ce24c6a7da469a73d8ffbc979bc58101ec20458f333f9b8208dba2,True,True,0.449,mandelbrot_omp_zoom_4096.exe
"medicao|openmp|zoom|4096|t1|dynamic,1|r1",2026-09-20T22:54:48,zoom,medicao,1,openmp,1,dynamic,1,4096,4096,5000,-0.745143887,-0.742143887,0.13032590399999999,0.133325904,3.061000109,0.039000034,3.061000109,3.061000109,3.061000109,0.000000,1264428688,1264428688.000,1264428688,1,dynamic,1,e69dba7173ce24c6a7da469a73d8ffbc979bc58101ec20458f333f9b8208dba2,True,True,3.114,mandelbrot_omp_zoom_4096.exe
"medicao|openmp|zoom|4096|t12|static,0|r1",2026-09-20T22:54:48,zoom,medicao,1,openmp,12,static,0,4096,4096,5000,-0.745143887,-0.742143887,0.13032590399999999,0.133325904,0.442999840,0.040000200,0.154999971,0.307583312,0.442999840,0.650113,53187179,105369057.333,152345037,12,static,0,e69dba7173ce24c6a7da469a73d8ffbc979bc58101ec20458f333f9b8208dba2,True,True,0.497,mandelbrot_omp_zoom_4096.exe
"medicao|openmp|zoom|4096|t12|guided,16|r1",2026-09-20T22:54:49,zoom,medicao,1,openmp,12,guided,16,4096,4096,5000,-0.745143887,-0.742143887,0.13032590399999999,0.133325904,0.363000154,0.051999807,0.299000025,0.313000043,0.363000154,0.176309,94175901,105369057.333,125392691,12,guided,16,e69dba7173ce24c6a7da469a73d8ffbc979bc58101ec20458f333f9b8208dba2,True,True,0.431,mandelbrot_omp_zoom_4096.exe
"medicao|openmp|zoom|4096|t8|dynamic,1|r1",2026-09-20T22:54:50,zoom,medicao,1,openmp,8,dynamic,1,4096,4096,5000,-0.745143887,-0.742143887,0.13032590399999999,0.133325904,0.440999985,0.066999912,0.438999891,0.439875007,0.440999985,0.004535,157538607,158053586.000,158773654,8,dynamic,1,e69dba7173ce24c6a7da469a73d8ffbc979bc58101ec20458f333f9b8208dba2,True,True,0.524,mandelbrot_omp_zoom_4096.exe
"medicao|openmp|zoom|4096|t6|guided,16|r1",2026-09-20T22:54:50,zoom,medicao,1,openmp,6,guided,16,4096,4096,5000,-0.745143887,-0.742143887,0.13032590399999999,0.133325904,0.645999908,0.045000076,0.543999910,0.567999919,0.645999908,0.157895,200440526,210738114.667,240253126,6,guided,16,e69dba7173ce24c6a7da469a73d8ffbc979bc58101ec20458f333f9b8208dba2,True,True,0.706,mandelbrot_omp_zoom_4096.exe
"medicao|openmp|zoom|4096|t12|static,256|r1",2026-09-20T22:54:51,zoom,medicao,1,openmp,12,static,256,4096,4096,5000,-0.745143887,-0.742143887,0.13032590399999999,0.133325904,0.647000074,0.042999983,0.123000145,0.303750098,0.647000074,0.809892,39941024,105369057.333,240340311,12,static,256,e69dba7173ce24c6a7da469a73d8ffbc979bc58101ec20458f333f9b8208dba2,True,True,0.705,mandelbrot_omp_zoom_4096.exe
"medicao|openmp|zoom|4096|t12|guided,4|r1",2026-09-20T22:54:52,zoom,medicao,1,openmp,12,guided,4,4096,4096,5000,-0.745143887,-0.742143887,0.13032590399999999,0.133325904,0.365999937,0.040999889,0.302999973,0.309583286,0.365000010,0.169863,94959639,105369057.333,125392691,12,guided,4,e69dba7173ce24c6a7da469a73d8ffbc979bc58101ec20458f333f9b8208dba2,True,True,0.421,mandelbrot_omp_zoom_4096.exe
"medicao|openmp|zoom|4096|t12|guided,4|r2",2026-09-20T22:54:52,zoom,medicao,2,openmp,12,guided,4,4096,4096,5000,-0.745143887,-0.742143887,0.13032590399999999,0.133325904,0.371999979,0.041999817,0.307999849,0.316499929,0.371999979,0.172043,86307706,105369057.333,125392691,12,guided,4,e69dba7173ce24c6a7da469a73d8ffbc979bc58101ec20458f333f9b8208dba2,True,True,0.428,mandelbrot_omp_zoom_4096.exe
"medicao|openmp|zoom|4096|t6|dynamic,64|r2",2026-09-20T22:54:53,zoom,medicao,2,openmp,6,dynamic,64,4096,4096,5000,-0.745143887,-0.742143887,0.13032590399999999,0.133325904,0.601999998,0.042999983,0.519999981,0.566000064,0.601999998,0.136213,193442858,210738114.667,224233837,6,dynamic,64,e69dba7173ce24c6a7da469a73d8ffbc979bc58101ec20458f333f9b8208dba2,True,True,0.660,mandelbrot_omp_zoom_4096.exe
"medicao|openmp|zoom|4096|t6|static,64|r2",2026-09-20T22:54:54,zoom,medicao,2,openmp,6,static,64,4096,4096,5000,-0.745143887,-0.742143887,0.13032590399999999,0.133325904,0.611999989,0.041000128,0.496000051,0.568500042,0.611000061,0.188216,184776997,210738114.667,224182202,6,static,64,e69dba7173ce24c6a7da469a73d8ffbc979bc58101ec20458f333f9b8208dba2,True,True,0.666,mandelbrot_omp_zoom_4096.exe
"medicao|openmp|zoom|4096|t2|static,0|r2",2026-09-20T22:54:56,zoom,medicao,2,openmp,2,static,0,4096,4096,5000,-0.745143887,-0.742143887,0.13032590399999999,0.133325904,1.887000084,0.040999889,1.311000109,1.599000096,1.887000084,0.305246,517848247,632214344.000,746580441,2,static,0,e69dba7173ce24c6a7da469a73d8ffbc979bc58101ec20458f333f9b8208dba2,True,True,1.944,mandelbrot_omp_zoom_4096.exe
"medicao|openmp|zoom|4096|t8|static,1|r2",2026-09-20T22:54:56,zoom,medicao,2,openmp,8,static,1,4096,4096,5000,-0.745143887,-0.742143887,0.13032590399999999,0.133325904,0.440000057,0.039999962,0.434000015,0.436875105,0.439000130,0.011390,157933981,158053586.000,158262896,8,static,1,e69dba7173ce24c6a7da469a73d8ffbc979bc58101ec20458f333f9b8208dba2,True,True,0.495,mandelbrot_omp_zoom_4096.exe
"medicao|openmp|zoom|4096|t8|dynamic,1|r2",2026-09-20T22:54:57,zoom,medicao,2,openmp,8,dynamic,1,4096,4096,5000,-0.745143887,-0.742143887,0.13032590399999999,0.133325904,0.439000130,0.039999962,0.437000036,0.437250018,0.437999964,0.002283,157364799,158053586.000,159044901,8,dynamic,1,e69dba7173ce24c6a7da469a73d8ffbc979bc58101ec20458f333f9b8208dba2,True,True,0.494,mandelbrot_omp_zoom_4096.exe
"medicao|openmp|zoom|4096|t6|static,256|r2",2026-09-20T22:54:58,zoom,medicao,2,openmp,6,static,256,4096,4096,5000,-0.745143887,-0.742143887,0.13032590399999999,0.133325904,0.764999866,0.041000128,0.368000031,0.565499981,0.764999866,0.518954,136080576,210738114.667,286833604,6,static,256,e69dba7173ce24c6a7da469a73d8ffbc979bc58101ec20458f333f9b8208dba2,True,True,0.822,mandelbrot_omp_zoom_4096.exe
"medicao|openmp|zoom|4096|t6|dynamic,256|r2",2026-09-20T22:54:59,zoom,medicao,2,openmp,6,dynamic,256,4096,4096,5000,-0.745143887,-0.742143887,0.13032590399999999,0.133325904,0.774000168,0.041999817,0.467000008,0.564500093,0.774000168,0.396641,172234356,210738114.667,293486690,6,dynamic,256,e69dba7173ce24c6a7da469a73d8ffbc979bc58101ec20458f333f9b8208dba2,True,True,0.830,mandelbrot_omp_zoom_4096.exe
"medicao|openmp|zoom|4096|t4|static,1|r2",2026-09-20T22:55:00,zoom,medicao,2,openmp,4,static,1,4096,4096,5000,-0.745143887,-0.742143887,0.13032590399999999,0.133325904,0.838999987,0.042000055,0.832999945,0.835250020,0.838000059,0.005967,316012610,316107172.000,316196877,4,static,1,e69dba7173ce24c6a7da469a73d8ffbc979bc58101ec20458f333f9b8208dba2,True,True,0.897,mandelbrot_omp_zoom_4096.exe
"medicao|openmp|zoom|4096|t12|guided,16|r2",2026-09-20T22:55:00,zoom,medicao,2,openmp,12,guided,16,4096,4096,5000,-0.745143887,-0.742143887,0.13032590399999999,0.133325904,0.355000019,0.042000055,0.287999868,0.305916588,0.353999853,0.186441,100216039,105369057.333,125392691,12,guided,16,e69dba7173ce24c6a7da469a73d8ffbc979bc58101ec20458f333f9b8208dba2,True,True,0.412,mandelbrot_omp_zoom_4096.exe
"medicao|openmp|zoom|4096|t4|static,0|r2",2026-09-20T22:55:01,zoom,medicao,2,openmp,4,static,0,4096,4096,5000,-0.745143887,-0.742143887,0.13032590399999999,0.133325904,1.020999908,0.046000004,0.556999922,0.832499921,1.020999908,0.454456,212545577,316107172.000,390077628,4,static,0,e69dba7173ce24c6a7da469a73d8ffbc979bc58101ec20458f333f9b8208dba2,True,True,1.081,mandelbrot_omp_zoom_4096.exe
"medicao|openmp|zoom|4096|t2|static,1|r2",2026-09-20T22:55:03,zoom,medicao,2,openmp,2,static,1,4096,4096,5000,-0.745143887,-0.742143887,0.13032590399999999,0.133325904,1.589999914,0.041000128,1.588999987,1.589499950,1.589999914,0.000629,632119341,632214344.000,632309347,2,static,1,e69dba7173ce24c6a7da469a73d8ffbc979bc58101ec20458f333f9b8208dba2,True,True,1.648,mandelbrot_omp_zoom_4096.exe
"medicao|openmp|zoom|4096|t6|dynamic,4|r2",2026-09-20T22:55:04,zoom,medicao,2,openmp,6,dynamic,4,4096,4096,5000,-0.745143887,-0.742143887,0.13032590399999999,0.133325904,0.574000120,0.039000034,0.566999912,0.570166588,0.572999954,0.010471,209317893,210738114.667,212133198,6,dynamic,4,e69dba7173ce24c6a7da469a73d8ffbc979bc58101ec20458f333f9b8208dba2,True,True,0.629,mandelbrot_omp_zoom_4096.exe
"medicao|openmp|zoom|4096|t2|dynamic,1|r2",2026-09-20T22:55:05,zoom,medicao,2,openmp,2,dynamic,1,4096,4096,5000,-0.745143887,-0.742143887,0.13032590399999999,0.133325904,1.592999935,0.041000128,1.591000080,1.591500044,1.592000008,0.000628,631711564,632214344.000,632717124,2,dynamic,1,e69dba7173ce24c6a7da469a73d8ffbc979bc58101ec20458f333f9b8208dba2,True,True,1.650,mandelbrot_omp_zoom_4096.exe
"medicao|openmp|zoom|4096|t12|static,16|r2",2026-09-20T22:55:06,zoom,medicao,2,openmp,12,static,16,4096,4096,5000,-0.745143887,-0.742143887,0.13032590399999999,0.133325904,0.342000008,0.039999962,0.294000149,0.313000003,0.342000008,0.140350,100740563,105369057.333,113185517,12,static,16,e69dba7173ce24c6a7da469a73d8ffbc979bc58101ec20458f333f9b8208dba2,True,True,0.396,mandelbrot_omp_zoom_4096.exe
"medicao|openmp|zoom|4096|t12|static,0|r2",2026-09-20T22:55:06,zoom,medicao,2,openmp,12,static,0,4096,4096,5000,-0.745143887,-0.742143887,0.13032590399999999,0.133325904,0.431999922,0.042000055,0.164000034,0.306500018,0.430999994,0.619489,53187179,105369057.333,152345037,12,static,0,e69dba7173ce24c6a7da469a73d8ffbc979bc58101ec20458f333f9b8208dba2,True,True,0.489,mandelbrot_omp_zoom_4096.exe
"medicao|openmp|zoom|4096|t12|dynamic,1|r2",2026-09-20T22:55:07,zoom,medicao,2,openmp,12,dynamic,1,4096,4096,5000,-0.745143887,-0.742143887,0.13032590399999999,0.133325904,0.321000099,0.040999889,0.317999840,0.318916639,0.319999933,0.006250,100058879,105369057.333,109051886,12,dynamic,1,e69dba7173ce24c6a7da469a73d8ffbc979bc58101ec20458f333f9b8208dba2,True,True,0.381,mandelbrot_omp_zoom_4096.exe
"medicao|openmp|zoom|4096|t6|static,1|r2",2026-09-20T22:55:07,zoom,medicao,2,openmp,6,static,1,4096,4096,5000,-0.745143887,-0.742143887,0.13032590399999999,0.133325904,0.585999966,0.039999962,0.579999924,0.583833257,0.585999966,0.010239,210319067,210738114.667,211029538,6,static,1,e69dba7173ce24c6a7da469a73d8ffbc979bc58101ec20458f333f9b8208dba2,True,True,0.642,mandelbrot_omp_zoom_4096.exe
"medicao|openmp|zoom|4096|t12|static,64|r2",2026-09-20T22:55:08,zoom,medicao,2,openmp,12,static,64,4096,4096,5000,-0.745143887,-0.742143887,0.13032590399999999,0.133325904,0.365999937,0.042000055,0.252000093,0.305333356,0.365999937,0.311475,87036210,105369057.333,126338551,12,static,64,e69dba7173ce24c6a7da469a73d8ffbc979bc58101ec20458f333f9b8208dba2,True,True,0.422,mandelbrot_omp_zoom_4096.exe
"medicao|openmp|zoom|4096|t6|dynamic,1|r2",2026-09-20T22:55:09,zoom,medicao,2,openmp,6,dynamic,1,4096,4096,5000,-0.745143887,-0.742143887,0.13032590399999999,0.133325904,0.572999954,0.072000027,0.571000099,0.571666718,0.572000027,0.001748,209723356,210738114.667,211717742,6,dynamic,1,e69dba7173ce24c6a7da469a73d8ffbc979bc58101ec20458f333f9b8208dba2,True,True,0.661,mandelbrot_omp_zoom_4096.exe
"medicao|openmp|zoom|4096|t12|static,1|r2",2026-09-20T22:55:09,zoom,medicao,2,openmp,12,static,1,4096,4096,5000,-0.745143887,-0.742143887,0.13032590399999999,0.133325904,0.343999863,0.041000128,0.304999828,0.315499922,0.343999863,0.113372,105075660,105369057.333,105805555,12,static,1,e69dba7173ce24c6a7da469a73d8ffbc979bc58101ec20458f333f9b8208dba2,True,True,0.404,mandelbrot_omp_zoom_4096.exe
"medicao|openmp|zoom|4096|t6|guided,16|r2",2026-09-20T22:55:10,zoom,medicao,2,openmp,6,guided,16,4096,4096,5000,-0.745143887,-0.742143887,0.13032590399999999,0.133325904,0.651000023,0.042999983,0.547999859,0.570833286,0.651000023,0.158218,200440526,210738114.667,240253126,6,guided,16,e69dba7173ce24c6a7da469a73d8ffbc979bc58101ec20458f333f9b8208dba2,True,True,0.708,mandelbrot_omp_zoom_4096.exe
"medicao|openmp|zoom|4096|t6|guided,64|r2",2026-09-20T22:55:11,zoom,medicao,2,openmp,6,guided,64,4096,4096,5000,-0.745143887,-0.742143887,0.13032590399999999,0.133325904,0.651999950,0.041000128,0.519999981,0.569000006,0.651999950,0.202454,191296807,210738114.667,240253126,6,guided,64,e69dba7173ce24c6a7da469a73d8ffbc979bc58101ec20458f333f9b8208dba2,True,True,0.707,mandelbrot_omp_zoom_4096.exe
"medicao|openmp|zoom|4096|t12|dynamic,16|r2",2026-09-20T22:55:11,zoom,medicao,2,openmp,12,dynamic,16,4096,4096,5000,-0.745143887,-0.742143887,0.13032590399999999,0.133325904,0.342999935,0.048000097,0.322999954,0.331666629,0.342000008,0.055556,84644524,105369057.333,120875212,12,dynamic,16,e69dba7173ce24c6a7da469a73d8ffbc979bc58101ec20458f333f9b8208dba2,True,True,0.406,mandelbrot_omp_zoom_4096.exe
"medicao|openmp|zoom|4096|t8|guided,1|r2",2026-09-20T22:55:12,zoom,medicao,2,openmp,8,guided,1,4096,4096,5000,-0.745143887,-0.742143887,0.13032590399999999,0.133325904,0.483999968,0.044000149,0.426000118,0.435250074,0.483999968,0.119834,153188647,158053586.000,176958086,8,guided,1,e69dba7173ce24c6a7da469a73d8ffbc979bc58101ec20458f333f9b8208dba2,True,True,0.542,mandelbrot_omp_zoom_4096.exe
"medicao|openmp|zoom|4096|t4|guided,1|r2",2026-09-20T22:55:13,zoom,medicao,2,openmp,4,guided,1,4096,4096,5000,-0.745143887,-0.742143887,0.13032590399999999,0.133325904,0.935999870,0.041000128,0.798999786,0.833749890,0.935999870,0.146368,299044927,316107172.000,356502813,4,guided,1,e69dba7173ce24c6a7da469a73d8ffbc979bc58101ec20458f333f9b8208dba2,True,True,0.991,mandelbrot_omp_zoom_4096.exe
"medicao|openmp|zoom|4096|t8|dynamic,16|r2",2026-09-20T22:55:13,zoom,medicao,2,openmp,8,dynamic,16,4096,4096,5000,-0.745143887,-0.742143887,0.13032590399999999,0.133325904,0.447000027,0.040999889,0.430000067,0.437999994,0.447000027,0.038031,155106556,158053586.000,161295665,8,dynamic,16,e69dba7173ce24c6a7da469a73d8ffbc979bc58101ec20458f333f9b8208dba2,True,True,0.506,mandelbrot_omp_zoom_4096.exe
"medicao|openmp|zoom|4096|t4|dynamic,1|r2",2026-09-20T22:55:14,zoom,medicao,2,openmp,4,dynamic,1,4096,4096,5000,-0.745143887,-0.742143887,0.13032590399999999,0.133325904,0.852999926,0.039999962,0.851000071,0.851250052,0.851999998,0.001174,311399110,316107172.000,318261877,4,dynamic,1,e69dba7173ce24c6a7da469a73d8ffbc979bc58101ec20458f333f9b8208dba2,True,True,0.910,mandelbrot_omp_zoom_4096.exe
"medicao|openmp|zoom|4096|t2|guided,1|r2",2026-09-20T22:55:16,zoom,medicao,2,openmp,2,guided,1,4096,4096,5000,-0.745143887,-0.742143887,0.13032590399999999,0.133325904,1.866999865,0.046000004,1.295000076,1.580999970,1.866999865,0.306374,517848247,632214344.000,746580441,2,guided,1,e69dba7173ce24c6a7da469a73d8ffbc979bc58101ec20458f333f9b8208dba2,True,True,1.928,mandelbrot_omp_zoom_4096.exe
"medicao|openmp|zoom|4096|t12|static,4|r2",2026-09-20T22:55:17,zoom,medicao,2,openmp,12,static,4,4096,4096,5000,-0.745143887,-0.742143887,0.13032590399999999,0.133325904,0.341000080,0.040999889,0.304000139,0.314416726,0.338000059,0.100591,104556181,105369057.333,106846977,12,static,4,e69dba7173ce24c6a7da469a73d8ffbc979bc58101ec20458f333f9b8208dba2,True,True,0.400,mandelbrot_omp_zoom_4096.exe
"medicao|openmp|zoom|4096|t4|dynamic,16|r2",2026-09-20T22:55:18,zoom,medicao,2,openmp,4,dynamic,16,4096,4096,5000,-0.745143887,-0.742143887,0.13032590399999999,0.133325904,0.845999956,0.041000128,0.832000017,0.839749992,0.845999956,0.016548,314070069,316107172.000,317695731,4,dynamic,16,e69dba7173ce24c6a7da469a73d8ffbc979bc58101ec20458f333f9b8208dba2,True,True,0.901,mandelbrot_omp_zoom_4096.exe
"medicao|openmp|zoom|4096|t6|dynamic,16|r2",2026-09-20T22:55:19,zoom,medicao,2,openmp,6,dynamic,16,4096,4096,5000,-0.745143887,-0.742143887,0.13032590399999999,0.133325904,0.578999996,0.039999962,0.559999943,0.568000078,0.578000069,0.031142,207313166,210738114.667,215125726,6,dynamic,16,e69dba7173ce24c6a7da469a73d8ffbc979bc58101ec20458f333f9b8208dba2,True,True,0.633,mandelbrot_omp_zoom_4096.exe
"medicao|openmp|zoom|4096|t6|static,4|r2",2026-09-20T22:55:19,zoom,medicao,2,openmp,6,static,4,4096,4096,5000,-0.745143887,-0.742143887,0.13032590399999999,0.133325904,0.572999954,0.054000139,0.567000151,0.570333322,0.572999954,0.010471,209676365,210738114.667,211735238,6,static,4,e69dba7173ce24c6a7da469a73d8ffbc979bc58101ec20458f333f9b8208dba2,True,True,0.645,mandelbrot_omp_zoom_4096.exe
"medicao|openmp|zoom|4096|t2|dynamic,16|r2",2026-09-20T22:55:21,zoom,medicao,2,openmp,2,dynamic,16,4096,4096,5000,-0.745143887,-0.742143887,0.13032590399999999,0.133325904,1.612999916,0.039000034,1.604000092,1.608500004,1.612999916,0.005580,630543720,632214344.000,633884968,2,dynamic,16,e69dba7173ce24c6a7da469a73d8ffbc979bc58101ec20458f333f9b8208dba2,True,True,1.667,mandelbrot_omp_zoom_4096.exe
"medicao|openmp|zoom|4096|t12|static,256|r2",2026-09-20T22:55:22,zoom,medicao,2,openmp,12,static,256,4096,4096,5000,-0.745143887,-0.742143887,0.13032590399999999,0.133325904,0.661000013,0.040999889,0.115000010,0.296750009,0.660000086,0.825758,39941024,105369057.333,240340311,12,static,256,e69dba7173ce24c6a7da469a73d8ffbc979bc58101ec20458f333f9b8208dba2,True,True,0.716,mandelbrot_omp_zoom_4096.exe
"medicao|openmp|zoom|4096|t12|dynamic,256|r2",2026-09-20T22:55:23,zoom,medicao,2,openmp,12,dynamic,256,4096,4096,5000,-0.745143887,-0.742143887,0.13032590399999999,0.133325904,0.542999983,0.041000128,0.229000092,0.308416784,0.542000055,0.577491,76007685,105369057.333,198032807,12,dynamic,256,e69dba7173ce24c6a7da469a73d8ffbc979bc58101ec20458f333f9b8208dba2,True,True,0.599,mandelbrot_omp_zoom_4096.exe
"medicao|openmp|zoom|4096|t1|dynamic,1|r2",2026-09-20T22:55:26,zoom,medicao,2,openmp,1,dynamic,1,4096,4096,5000,-0.745143887,-0.742143887,0.13032590399999999,0.133325904,3.094000101,0.041999817,3.094000101,3.094000101,3.094000101,0.000000,1264428688,1264428688.000,1264428688,1,dynamic,1,e69dba7173ce24c6a7da469a73d8ffbc979bc58101ec20458f333f9b8208dba2,True,True,3.151,mandelbrot_omp_zoom_4096.exe
"medicao|openmp|zoom|4096|t6|guided,4|r2",2026-09-20T22:55:27,zoom,medicao,2,openmp,6,guided,4,4096,4096,5000,-0.745143887,-0.742143887,0.13032590399999999,0.133325904,0.653000116,0.040999889,0.571000099,0.588166714,0.653000116,0.125574,201485948,210738114.667,240253126,6,guided,4,e69dba7173ce24c6a7da469a73d8ffbc979bc58101ec20458f333f9b8208dba2,True,True,0.707,mandelbrot_omp_zoom_4096.exe
"medicao|openmp|zoom|4096|t6|static,0|r2",2026-09-20T22:55:27,zoom,medicao,2,openmp,6,static,0,4096,4096,5000,-0.745143887,-0.742143887,0.13032590399999999,0.133325904,0.766999960,0.039999962,0.292999983,0.562833269,0.764999866,0.616993,110260885,210738114.667,287880163,6,static,0,e69dba7173ce24c6a7da469a73d8ffbc979bc58101ec20458f333f9b8208dba2,True,True,0.821,mandelbrot_omp_zoom_4096.exe
"medicao|openmp|zoom|4096|t6|guided,1|r2",2026-09-20T22:55:28,zoom,medicao,2,openmp,6,guided,1,4096,4096,5000,-0.745143887,-0.742143887,0.13032590399999999,0.133325904,0.644000053,0.039999962,0.552999973,0.568333348,0.644000053,0.141304,202065724,210738114.667,240253126,6,guided,1,e69dba7173ce24c6a7da469a73d8ffbc979bc58101ec20458f333f9b8208dba2,True,True,0.700,mandelbrot_omp_zoom_4096.exe
"medicao|openmp|zoom|4096|t12|dynamic,64|r2",2026-09-20T22:55:29,zoom,medicao,2,openmp,12,dynamic,64,4096,4096,5000,-0.745143887,-0.742143887,0.13032590399999999,0.133325904,0.359999895,0.039999962,0.267999887,0.309166630,0.358999968,0.253482,90282170,105369057.333,125663251,12,dynamic,64,e69dba7173ce24c6a7da469a73d8ffbc979bc58101ec20458f333f9b8208dba2,True,True,0.413,mandelbrot_omp_zoom_4096.exe
"medicao|openmp|zoom|4096|t12|guided,1|r2",2026-09-20T22:55:29,zoom,medicao,2,openmp,12,guided,1,4096,4096,5000,-0.745143887,-0.742143887,0.13032590399999999,0.133325904,0.357000113,0.043999910,0.305000067,0.313583235,0.355999947,0.143258,93085771,105369057.333,125392691,12,guided,1,e69dba7173ce24c6a7da469a73d8ffbc979bc58101ec20458f333f9b8208dba2,True,True,0.415,mandelbrot_omp_zoom_4096.exe
"medicao|openmp|zoom|4096|t12|guided,64|r2",2026-09-20T22:55:30,zoom,medicao,2,openmp,12,guided,64,4096,4096,5000,-0.745143887,-0.742143887,0.13032590399999999,0.133325904,0.361999989,0.042000055,0.284000158,0.323666732,0.361999989,0.215469,77528373,105369057.333,127553337,12,guided,64,e69dba7173ce24c6a7da469a73d8ffbc979bc58101ec20458f333f9b8208dba2,True,True,0.419,mandelbrot_omp_zoom_4096.exe
"medicao|openmp|zoom|4096|t6|static,16|r2",2026-09-20T22:55:30,zoom,medicao,2,openmp,6,static,16,4096,4096,5000,-0.745143887,-0.742143887,0.13032590399999999,0.133325904,0.580999851,0.067000151,0.555999994,0.569833318,0.579999924,0.041379,205364267,210738114.667,214189306,6,static,16,e69dba7173ce24c6a7da469a73d8ffbc979bc58101ec20458f333f9b8208dba2,True,True,0.665,mandelbrot_omp_zoom_4096.exe
"medicao|openmp|zoom|4096|t8|static,0|r2",2026-09-20T22:55:31,zoom,medicao,2,openmp,8,static,0,4096,4096,5000,-0.745143887,-0.742143887,0.13032590399999999,0.133325904,0.569000006,0.050999880,0.221999884,0.438999981,0.569000006,0.609842,79899736,158053586.000,205393909,8,static,0,e69dba7173ce24c6a7da469a73d8ffbc979bc58101ec20458f333f9b8208dba2,True,True,0.634,mandelbrot_omp_zoom_4096.exe
"medicao|openmp|zoom|4096|t12|dynamic,4|r2",2026-09-20T22:55:32,zoom,medicao,2,openmp,12,dynamic,4,4096,4096,5000,-0.745143887,-0.742143887,0.13032590399999999,0.133325904,0.333999872,0.042999983,0.327999830,0.330499927,0.332999945,0.015015,90342843,105369057.333,113924706,12,dynamic,4,e69dba7173ce24c6a7da469a73d8ffbc979bc58101ec20458f333f9b8208dba2,True,True,0.393,mandelbrot_omp_zoom_4096.exe
"medicao|openmp|zoom|4096|t8|dynamic,16|r3",2026-09-20T22:55:32,zoom,medicao,3,openmp,8,dynamic,16,4096,4096,5000,-0.745143887,-0.742143887,0.13032590399999999,0.133325904,0.444000006,0.039999962,0.429000139,0.436000079,0.443000078,0.031603,155807568,158053586.000,160436065,8,dynamic,16,e69dba7173ce24c6a7da469a73d8ffbc979bc58101ec20458f333f9b8208dba2,True,True,0.499,mandelbrot_omp_zoom_4096.exe
"medicao|openmp|zoom|4096|t6|static,64|r3",2026-09-20T22:55:33,zoom,medicao,3,openmp,6,static,64,4096,4096,5000,-0.745143887,-0.742143887,0.13032590399999999,0.133325904,0.604000092,0.040999889,0.498000145,0.567833424,0.604000092,0.175497,184776997,210738114.667,224182202,6,static,64,e69dba7173ce24c6a7da469a73d8ffbc979bc58101ec20458f333f9b8208dba2,True,True,0.660,mandelbrot_omp_zoom_4096.exe
"medicao|openmp|zoom|4096|t12|guided,1|r3",2026-09-20T22:55:33,zoom,medicao,3,openmp,12,guided,1,4096,4096,5000,-0.745143887,-0.742143887,0.13032590399999999,0.133325904,0.357000113,0.040999889,0.301000118,0.308833460,0.356000185,0.154494,100612304,105369057.333,125392691,12,guided,1,e69dba7173ce24c6a7da469a73d8ffbc979bc58101ec20458f333f9b8208dba2,True,True,0.412,mandelbrot_omp_zoom_4096.exe
"medicao|openmp|zoom|4096|t12|static,4|r3",2026-09-20T22:55:34,zoom,medicao,3,openmp,12,static,4,4096,4096,5000,-0.745143887,-0.742143887,0.13032590399999999,0.133325904,0.332999945,0.059000015,0.305999994,0.315250039,0.332000017,0.078313,104556181,105369057.333,106846977,12,static,4,e69dba7173ce24c6a7da469a73d8ffbc979bc58101ec20458f333f9b8208dba2,True,True,0.409,mandelbrot_omp_zoom_4096.exe
"medicao|openmp|zoom|4096|t12|dynamic,64|r3",2026-09-20T22:55:34,zoom,medicao,3,openmp,12,dynamic,64,4096,4096,5000,-0.745143887,-0.742143887,0.13032590399999999,0.133325904,0.358000040,0.049999952,0.265999794,0.306833247,0.356999874,0.254902,92911411,105369057.333,125548788,12,dynamic,64,e69dba7173ce24c6a7da469a73d8ffbc979bc58101ec20458f333f9b8208dba2,True,True,0.422,mandelbrot_omp_zoom_4096.exe
"medicao|openmp|zoom|4096|t12|static,16|r3",2026-09-20T22:55:35,zoom,medicao,3,openmp,12,static,16,4096,4096,5000,-0.745143887,-0.742143887,0.13032590399999999,0.133325904,0.365000010,0.039999962,0.297000170,0.318083445,0.364000082,0.184066,100740563,105369057.333,113185517,12,static,16,e69dba7173ce24c6a7da469a73d8ffbc979bc58101ec20458f333f9b8208dba2,True,True,0.420,mandelbrot_omp_zoom_4096.exe
"medicao|openmp|zoom|4096|t4|static,0|r3",2026-09-20T22:55:36,zoom,medicao,3,openmp,4,static,0,4096,4096,5000,-0.745143887,-0.742143887,0.13032590399999999,0.133325904,1.018999815,0.045000076,0.555999994,0.829249918,1.017999887,0.453831,212545577,316107172.000,390077628,4,static,0,e69dba7173ce24c6a7da469a73d8ffbc979bc58101ec20458f333f9b8208dba2,True,True,1.079,mandelbrot_omp_zoom_4096.exe
"medicao|openmp|zoom|4096|t6|guided,1|r3",2026-09-20T22:55:37,zoom,medicao,3,openmp,6,guided,1,4096,4096,5000,-0.745143887,-0.742143887,0.13032590399999999,0.133325904,0.655999899,0.042000055,0.565999985,0.580999970,0.654999971,0.135878,200383670,210738114.667,240253126,6,guided,1,e69dba7173ce24c6a7da469a73d8ffbc979bc58101ec20458f333f9b8208dba2,True,True,0.712,mandelbrot_omp_zoom_4096.exe
"medicao|openmp|zoom|4096|t2|dynamic,16|r3",2026-09-20T22:55:38,zoom,medicao,3,openmp,2,dynamic,16,4096,4096,5000,-0.745143887,-0.742143887,0.13032590399999999,0.133325904,1.601000071,0.039000034,1.589999914,1.595499992,1.601000071,0.006871,630418900,632214344.000,634009788,2,dynamic,16,e69dba7173ce24c6a7da469a73d8ffbc979bc58101ec20458f333f9b8208dba2,True,True,1.653,mandelbrot_omp_zoom_4096.exe
"medicao|openmp|zoom|4096|t12|guided,64|r3",2026-09-20T22:55:39,zoom,medicao,3,openmp,12,guided,64,4096,4096,5000,-0.745143887,-0.742143887,0.13032590399999999,0.133325904,0.359999895,0.039999962,0.277999878,0.314166586,0.359999895,0.227778,85311737,105369057.333,126855124,12,guided,64,e69dba7173ce24c6a7da469a73d8ffbc979bc58101ec20458f333f9b8208dba2,True,True,0.415,mandelbrot_omp_zoom_4096.exe
"medicao|openmp|zoom|4096|t12|dynamic,4|r3",2026-09-20T22:55:39,zoom,medicao,3,openmp,12,dynamic,4,4096,4096,5000,-0.745143887,-0.742143887,0.13032590399999999,0.133325904,0.340999842,0.055999994,0.333999872,0.336999953,0.339999914,0.017647,90090409,105369057.333,118266429,12,dynamic,4,e69dba7173ce24c6a7da469a73d8ffbc979bc58101ec20458f333f9b8208dba2,True,True,0.412,mandelbrot_omp_zoom_4096.exe
"medicao|openmp|zoom|4096|t4|dynamic,16|r3",2026-09-20T22:55:40,zoom,medicao,3,openmp,4,dynamic,16,4096,4096,5000,-0.745143887,-0.742143887,0.13032590399999999,0.133325904,0.844000101,0.055000067,0.825999975,0.833999932,0.842999935,0.020166,312808827,316107172.000,320428305,4,dynamic,16,e69dba7173ce24c6a7da469a73d8ffbc979bc58101ec20458f333f9b8208dba2,True,True,0.914,mandelbrot_omp_zoom_4096.exe
"medicao|openmp|zoom|4096|t2|dynamic,1|r3",2026-09-20T22:55:42,zoom,medicao,3,openmp,2,dynamic,1,4096,4096,5000,-0.745143887,-0.742143887,0.13032590399999999,0.133325904,1.618999958,0.039999962,1.618999958,1.618999958,1.618999958,0.000000,631399483,632214344.000,633029205,2,dynamic,1,e69dba7173ce24c6a7da469a73d8ffbc979bc58101ec20458f333f9b8208dba2,True,True,1.674,mandelbrot_omp_zoom_4096.exe
"medicao|openmp|zoom|4096|t4|guided,1|r3",2026-09-20T22:55:43,zoom,medicao,3,openmp,4,guided,1,4096,4096,5000,-0.745143887,-0.742143887,0.13032590399999999,0.133325904,0.930999994,0.041000128,0.805000067,0.837000012,0.930999994,0.135338,300971817,316107172.000,356502813,4,guided,1,e69dba7173ce24c6a7da469a73d8ffbc979bc58101ec20458f333f9b8208dba2,True,True,0.986,mandelbrot_omp_zoom_4096.exe
"medicao|openmp|zoom|4096|t6|static,1|r3",2026-09-20T22:55:44,zoom,medicao,3,openmp,6,static,1,4096,4096,5000,-0.745143887,-0.742143887,0.13032590399999999,0.133325904,0.576999903,0.044000149,0.568000078,0.571333369,0.575000048,0.012174,210319067,210738114.667,211029538,6,static,1,e69dba7173ce24c6a7da469a73d8ffbc979bc58101ec20458f333f9b8208dba2,True,True,0.637,mandelbrot_omp_zoom_4096.exe
"medicao|openmp|zoom|4096|t8|static,0|r3",2026-09-20T22:55:45,zoom,medicao,3,openmp,8,static,0,4096,4096,5000,-0.745143887,-0.742143887,0.13032590399999999,0.133325904,0.561000109,0.049000025,0.219000101,0.429250091,0.559000015,0.608229,79899736,158053586.000,205393909,8,static,0,e69dba7173ce24c6a7da469a73d8ffbc979bc58101ec20458f333f9b8208dba2,True,True,0.625,mandelbrot_omp_zoom_4096.exe
"medicao|openmp|zoom|4096|t6|dynamic,256|r3",2026-09-20T22:55:46,zoom,medicao,3,openmp,6,dynamic,256,4096,4096,5000,-0.745143887,-0.742143887,0.13032590399999999,0.133325904,0.779000044,0.041999817,0.467000008,0.564333399,0.778000116,0.399743,172234356,210738114.667,293486690,6,dynamic,256,e69dba7173ce24c6a7da469a73d8ffbc979bc58101ec20458f333f9b8208dba2,True,True,0.834,mandelbrot_omp_zoom_4096.exe
"medicao|openmp|zoom|4096|t8|guided,1|r3",2026-09-20T22:55:46,zoom,medicao,3,openmp,8,guided,1,4096,4096,5000,-0.745143887,-0.742143887,0.13032590399999999,0.133325904,0.480999947,0.042000055,0.424000025,0.433250010,0.480999947,0.118503,153765868,158053586.000,176958086,8,guided,1,e69dba7173ce24c6a7da469a73d8ffbc979bc58101ec20458f333f9b8208dba2,True,True,0.538,mandelbrot_omp_zoom_4096.exe
"medicao|openmp|zoom|4096|t8|static,1|r3",2026-09-20T22:55:47,zoom,medicao,3,openmp,8,static,1,4096,4096,5000,-0.745143887,-0.742143887,0.13032590399999999,0.133325904,0.480000019,0.041999817,0.447000027,0.460375041,0.479000092,0.066806,157933981,158053586.000,158262896,8,static,1,e69dba7173ce24c6a7da469a73d8ffbc979bc58101ec20458f333f9b8208dba2,True,True,0.540,mandelbrot_omp_zoom_4096.exe
"medicao|openmp|zoom|4096|t12|static,1|r3",2026-09-20T22:55:47,zoom,medicao,3,openmp,12,static,1,4096,4096,5000,-0.745143887,-0.742143887,0.13032590399999999,0.133325904,0.335999966,0.056999922,0.303999901,0.315750023,0.335000038,0.092538,105075660,105369057.333,105805555,12,static,1,e69dba7173ce24c6a7da469a73d8ffbc979bc58101ec20458f333f9b8208dba2,True,True,0.409,mandelbrot_omp_zoom_4096.exe
"medicao|openmp|zoom|4096|t6|dynamic,64|r3",2026-09-20T22:55:48,zoom,medicao,3,openmp,6,dynamic,64,4096,4096,5000,-0.745143887,-0.742143887,0.13032590399999999,0.133325904,0.600999832,0.055999994,0.523000002,0.567499916,0.600999832,0.129783,193289116,210738114.667,224199223,6,dynamic,64,e69dba7173ce24c6a7da469a73d8ffbc979bc58101ec20458f333f9b8208dba2,True,True,0.673,mandelbrot_omp_zoom_4096.exe
"medicao|openmp|zoom|4096|t12|guided,16|r3",2026-09-20T22:55:48,zoom,medicao,3,openmp,12,guided,16,4096,4096,5000,-0.745143887,-0.742143887,0.13032590399999999,0.133325904,0.355000019,0.042000055,0.304000139,0.319333355,0.354000092,0.141243,91226373,105369057.333,125392691,12,guided,16,e69dba7173ce24c6a7da469a73d8ffbc979bc58101ec20458f333f9b8208dba2,True,True,0.411,mandelbrot_omp_zoom_4096.exe
"medicao|openmp|zoom|4096|t12|dynamic,1|r3",2026-09-20T22:55:49,zoom,medicao,3,openmp,12,dynamic,1,4096,4096,5000,-0.745143887,-0.742143887,0.13032590399999999,0.133325904,0.319999933,0.046000004,0.317000151,0.317916751,0.319000006,0.006269,92604667,105369057.333,109251801,12,dynamic,1,e69dba7173ce24c6a7da469a73d8ffbc979bc58101ec20458f333f9b8208dba2,True,True,0.383,mandelbrot_omp_zoom_4096.exe
"medicao|openmp|zoom|4096|t6|static,4|r3",2026-09-20T22:55:50,zoom,medicao,3,openmp,6,static,4,4096,4096,5000,-0.745143887,-0.742143887,0.13032590399999999,0.133325904,0.575000048,0.042999983,0.567000151,0.572000106,0.574000120,0.012195,209676365,210738114.667,211735238,6,static,4,e69dba7173ce24c6a7da469a73d8ffbc979bc58101ec20458f333f9b8208dba2,True,True,0.634,mandelbrot_omp_zoom_4096.exe
"medicao|openmp|zoom|4096|t12|dynamic,256|r3",2026-09-20T22:55:50,zoom,medicao,3,openmp,12,dynamic,256,4096,4096,5000,-0.745143887,-0.742143887,0.13032590399999999,0.133325904,0.542999983,0.043000221,0.226999998,0.310166577,0.541999817,0.581181,76007685,105369057.333,198032807,12,dynamic,256,e69dba7173ce24c6a7da469a73d8ffbc979bc58101ec20458f333f9b8208dba2,True,True,0.601,mandelbrot_omp_zoom_4096.exe
"medicao|openmp|zoom|4096|t6|dynamic,16|r3",2026-09-20T22:55:51,zoom,medicao,3,openmp,6,dynamic,16,4096,4096,5000,-0.745143887,-0.742143887,0.13032590399999999,0.133325904,0.581000090,0.045000076,0.562999964,0.571500063,0.581000090,0.030981,207138245,210738114.667,213925744,6,dynamic,16,e69dba7173ce24c6a7da469a73d8ffbc979bc58101ec20458f333f9b8208dba2,True,True,0.641,mandelbrot_omp_zoom_4096.exe
"medicao|openmp|zoom|4096|t6|static,16|r3",2026-09-20T22:55:52,zoom,medicao,3,openmp,6,static,16,4096,4096,5000,-0.745143887,-0.742143887,0.13032590399999999,0.133325904,0.578000069,0.042000055,0.553999901,0.570499976,0.578000069,0.041523,205364267,210738114.667,214189306,6,static,16,e69dba7173ce24c6a7da469a73d8ffbc979bc58101ec20458f333f9b8208dba2,True,True,0.635,mandelbrot_omp_zoom_4096.exe
"medicao|openmp|zoom|4096|t2|static,0|r3",2026-09-20T22:55:54,zoom,medicao,3,openmp,2,static,0,4096,4096,5000,-0.745143887,-0.742143887,0.13032590399999999,0.133325904,1.894999981,0.041000128,1.320999861,1.607499838,1.893999815,0.302534,517848247,632214344.000,746580441,2,static,0,e69dba7173ce24c6a7da469a73d8ffbc979bc58101ec20458f333f9b8208dba2,True,True,1.950,mandelbrot_omp_zoom_4096.exe
"medicao|openmp|zoom|4096|t6|guided,16|r3",2026-09-20T22:55:55,zoom,medicao,3,openmp,6,guided,16,4096,4096,5000,-0.745143887,-0.742143887,0.13032590399999999,0.133325904,0.648000002,0.040000200,0.550000191,0.570333441,0.648000002,0.151234,200440526,210738114.667,240253126,6,guided,16,e69dba7173ce24c6a7da469a73d8ffbc979bc58101ec20458f333f9b8208dba2,True,True,0.702,mandelbrot_omp_zoom_4096.exe
"medicao|openmp|zoom|4096|t1|dynamic,1|r3",2026-09-20T22:55:58,zoom,medicao,3,openmp,1,dynamic,1,4096,4096,5000,-0.745143887,-0.742143887,0.13032590399999999,0.133325904,3.075000048,0.041000128,3.075000048,3.075000048,3.075000048,0.000000,1264428688,1264428688.000,1264428688,1,dynamic,1,e69dba7173ce24c6a7da469a73d8ffbc979bc58101ec20458f333f9b8208dba2,True,True,3.129,mandelbrot_omp_zoom_4096.exe
"medicao|openmp|zoom|4096|t6|dynamic,1|r3",2026-09-20T22:55:58,zoom,medicao,3,openmp,6,dynamic,1,4096,4096,5000,-0.745143887,-0.742143887,0.13032590399999999,0.133325904,0.568000078,0.046000004,0.567000151,0.567666769,0.568000078,0.001760,208794553,210738114.667,212890410,6,dynamic,1,e69dba7173ce24c6a7da469a73d8ffbc979bc58101ec20458f333f9b8208dba2,True,True,0.631,mandelbrot_omp_zoom_4096.exe
"medicao|openmp|zoom|4096|t12|dynamic,16|r3",2026-09-20T22:55:59,zoom,medicao,3,openmp,12,dynamic,16,4096,4096,5000,-0.745143887,-0.742143887,0.13032590399999999,0.133325904,0.349999905,0.052000046,0.325000048,0.337333282,0.349999905,0.071428,90874482,105369057.333,115266871,12,dynamic,16,e69dba7173ce24c6a7da469a73d8ffbc979bc58101ec20458f333f9b8208dba2,True,True,0.417,mandelbrot_omp_zoom_4096.exe
"medicao|openmp|zoom|4096|t6|static,0|r3",2026-09-20T22:56:00,zoom,medicao,3,openmp,6,static,0,4096,4096,5000,-0.745143887,-0.742143887,0.13032590399999999,0.133325904,0.766999960,0.042999983,0.289999962,0.564499974,0.766999960,0.621904,110260885,210738114.667,287880163,6,static,0,e69dba7173ce24c6a7da469a73d8ffbc979bc58101ec20458f333f9b8208dba2,True,True,0.825,mandelbrot_omp_zoom_4096.exe
"medicao|openmp|zoom|4096|t2|static,1|r3",2026-09-20T22:56:02,zoom,medicao,3,openmp,2,static,1,4096,4096,5000,-0.745143887,-0.742143887,0.13032590399999999,0.133325904,1.588000059,0.041999817,1.588000059,1.588000059,1.588000059,0.000000,632119341,632214344.000,632309347,2,static,1,e69dba7173ce24c6a7da469a73d8ffbc979bc58101ec20458f333f9b8208dba2,True,True,1.646,mandelbrot_omp_zoom_4096.exe
"medicao|openmp|zoom|4096|t2|guided,1|r3",2026-09-20T22:56:04,zoom,medicao,3,openmp,2,guided,1,4096,4096,5000,-0.745143887,-0.742143887,0.13032590399999999,0.133325904,1.871999979,0.039000034,1.290999889,1.580999851,1.870999813,0.309995,517848247,632214344.000,746580441,2,guided,1,e69dba7173ce24c6a7da469a73d8ffbc979bc58101ec20458f333f9b8208dba2,True,True,1.924,mandelbrot_omp_zoom_4096.exe
"medicao|openmp|zoom|4096|t12|static,256|r3",2026-09-20T22:56:04,zoom,medicao,3,openmp,12,static,256,4096,4096,5000,-0.745143887,-0.742143887,0.13032590399999999,0.133325904,0.644999981,0.042000055,0.114000082,0.301750044,0.644999981,0.823256,39941024,105369057.333,240340311,12,static,256,e69dba7173ce24c6a7da469a73d8ffbc979bc58101ec20458f333f9b8208dba2,True,True,0.701,mandelbrot_omp_zoom_4096.exe
"medicao|openmp|zoom|4096|t6|guided,4|r3",2026-09-20T22:56:05,zoom,medicao,3,openmp,6,guided,4,4096,4096,5000,-0.745143887,-0.742143887,0.13032590399999999,0.133325904,0.644999981,0.039999962,0.551000118,0.569000006,0.644999981,0.145736,203483321,210738114.667,240253126,6,guided,4,e69dba7173ce24c6a7da469a73d8ffbc979bc58101ec20458f333f9b8208dba2,True,True,0.698,mandelbrot_omp_zoom_4096.exe
"medicao|openmp|zoom|4096|t12|static,0|r3",2026-09-20T22:56:06,zoom,medicao,3,openmp,12,static,0,4096,4096,5000,-0.745143887,-0.742143887,0.13032590399999999,0.133325904,0.480999947,0.039999962,0.151999950,0.327916662,0.480999947,0.683992,53187179,105369057.333,152345037,12,static,0,e69dba7173ce24c6a7da469a73d8ffbc979bc58101ec20458f333f9b8208dba2,True,True,0.535,mandelbrot_omp_zoom_4096.exe
"medicao|openmp|zoom|4096|t6|dynamic,4|r3",2026-09-20T22:56:06,zoom,medicao,3,openmp,6,dynamic,4,4096,4096,5000,-0.745143887,-0.742143887,0.13032590399999999,0.133325904,0.571999788,0.041000128,0.569999933,0.570999861,0.571999788,0.003496,210057249,210738114.667,211942821,6,dynamic,4,e69dba7173ce24c6a7da469a73d8ffbc979bc58101ec20458f333f9b8208dba2,True,True,0.631,mandelbrot_omp_zoom_4096.exe
"medicao|openmp|zoom|4096|t4|dynamic,1|r3",2026-09-20T22:56:07,zoom,medicao,3,openmp,4,dynamic,1,4096,4096,5000,-0.745143887,-0.742143887,0.13032590399999999,0.133325904,0.836000204,0.055999994,0.835000038,0.835500121,0.836000204,0.001196,314865201,316107172.000,317750857,4,dynamic,1,e69dba7173ce24c6a7da469a73d8ffbc979bc58101ec20458f333f9b8208dba2,True,True,0.912,mandelbrot_omp_zoom_4096.exe
"medicao|openmp|zoom|4096|t12|static,64|r3",2026-09-20T22:56:08,zoom,medicao,3,openmp,12,static,64,4096,4096,5000,-0.745143887,-0.742143887,0.13032590399999999,0.133325904,0.390000105,0.042000055,0.263000011,0.315000017,0.390000105,0.325641,87036210,105369057.333,126338551,12,static,64,e69dba7173ce24c6a7da469a73d8ffbc979bc58101ec20458f333f9b8208dba2,True,True,0.448,mandelbrot_omp_zoom_4096.exe
"medicao|openmp|zoom|4096|t8|dynamic,1|r3",2026-09-20T22:56:08,zoom,medicao,3,openmp,8,dynamic,1,4096,4096,5000,-0.745143887,-0.742143887,0.13032590399999999,0.133325904,0.436999798,0.041000128,0.435999870,0.436749816,0.436999798,0.002288,156634801,158053586.000,158913457,8,dynamic,1,e69dba7173ce24c6a7da469a73d8ffbc979bc58101ec20458f333f9b8208dba2,True,True,0.494,mandelbrot_omp_zoom_4096.exe
"medicao|openmp|zoom|4096|t4|static,1|r3",2026-09-20T22:56:09,zoom,medicao,3,openmp,4,static,1,4096,4096,5000,-0.745143887,-0.742143887,0.13032590399999999,0.133325904,0.832999945,0.046000004,0.828999996,0.830999911,0.832999945,0.004802,316012610,316107172.000,316196877,4,static,1,e69dba7173ce24c6a7da469a73d8ffbc979bc58101ec20458f333f9b8208dba2,True,True,0.897,mandelbrot_omp_zoom_4096.exe
"medicao|openmp|zoom|4096|t6|guided,64|r3",2026-09-20T22:56:10,zoom,medicao,3,openmp,6,guided,64,4096,4096,5000,-0.745143887,-0.742143887,0.13032590399999999,0.133325904,0.643999815,0.041000128,0.516999960,0.565999945,0.642999887,0.195956,191296807,210738114.667,240253126,6,guided,64,e69dba7173ce24c6a7da469a73d8ffbc979bc58101ec20458f333f9b8208dba2,True,True,0.698,mandelbrot_omp_zoom_4096.exe
"medicao|openmp|zoom|4096|t12|guided,4|r3",2026-09-20T22:56:11,zoom,medicao,3,openmp,12,guided,4,4096,4096,5000,-0.745143887,-0.742143887,0.13032590399999999,0.133325904,0.387000084,0.062000036,0.309000015,0.317833404,0.387000084,0.201551,84254270,105369057.333,125392691,12,guided,4,e69dba7173ce24c6a7da469a73d8ffbc979bc58101ec20458f333f9b8208dba2,True,True,0.463,mandelbrot_omp_zoom_4096.exe
"medicao|openmp|zoom|4096|t6|static,256|r3",2026-09-20T22:56:12,zoom,medicao,3,openmp,6,static,256,4096,4096,5000,-0.745143887,-0.742143887,0.13032590399999999,0.133325904,0.766000032,0.046999931,0.368000031,0.562166731,0.765000105,0.518954,136080576,210738114.667,286833604,6,static,256,e69dba7173ce24c6a7da469a73d8ffbc979bc58101ec20458f333f9b8208dba2,True,True,0.827,mandelbrot_omp_zoom_4096.exe
"medicao|openmp|zoom|4096|t6|dynamic,1|r4",2026-09-20T22:56:12,zoom,medicao,4,openmp,6,dynamic,1,4096,4096,5000,-0.745143887,-0.742143887,0.13032590399999999,0.133325904,0.569999933,0.039999962,0.568000078,0.568333387,0.569000006,0.001757,209477099,210738114.667,211751783,6,dynamic,1,e69dba7173ce24c6a7da469a73d8ffbc979bc58101ec20458f333f9b8208dba2,True,True,0.625,mandelbrot_omp_zoom_4096.exe
"medicao|openmp|zoom|4096|t8|static,0|r4",2026-09-20T22:56:13,zoom,medicao,4,openmp,8,static,0,4096,4096,5000,-0.745143887,-0.742143887,0.13032590399999999,0.133325904,0.572000027,0.039999962,0.214999914,0.433000028,0.571000099,0.623468,79899736,158053586.000,205393909,8,static,0,e69dba7173ce24c6a7da469a73d8ffbc979bc58101ec20458f333f9b8208dba2,True,True,0.627,mandelbrot_omp_zoom_4096.exe
"medicao|openmp|zoom|4096|t8|guided,1|r4",2026-09-20T22:56:14,zoom,medicao,4,openmp,8,guided,1,4096,4096,5000,-0.745143887,-0.742143887,0.13032590399999999,0.133325904,0.483999968,0.043999910,0.424000025,0.433375001,0.483000040,0.122153,152933712,158053586.000,176958086,8,guided,1,e69dba7173ce24c6a7da469a73d8ffbc979bc58101ec20458f333f9b8208dba2,True,True,0.542,mandelbrot_omp_zoom_4096.exe
"medicao|openmp|zoom|4096|t12|dynamic,1|r4",2026-09-20T22:56:14,zoom,medicao,4,openmp,12,dynamic,1,4096,4096,5000,-0.745143887,-0.742143887,0.13032590399999999,0.133325904,0.333000183,0.047999859,0.330999851,0.331916690,0.333000183,0.006007,89338407,105369057.333,119028559,12,dynamic,1,e69dba7173ce24c6a7da469a73d8ffbc979bc58101ec20458f333f9b8208dba2,True,True,0.398,mandelbrot_omp_zoom_4096.exe
"medicao|openmp|zoom|4096|t4|dynamic,1|r4",2026-09-20T22:56:15,zoom,medicao,4,openmp,4,dynamic,1,4096,4096,5000,-0.745143887,-0.742143887,0.13032590399999999,0.133325904,0.830999851,0.046000004,0.829999924,0.830249906,0.830999851,0.001203,314544854,316107172.000,317863440,4,dynamic,1,e69dba7173ce24c6a7da469a73d8ffbc979bc58101ec20458f333f9b8208dba2,True,True,0.893,mandelbrot_omp_zoom_4096.exe
"medicao|openmp|zoom|4096|t8|dynamic,16|r4",2026-09-20T22:56:16,zoom,medicao,4,openmp,8,dynamic,16,4096,4096,5000,-0.745143887,-0.742143887,0.13032590399999999,0.133325904,0.445000172,0.040999889,0.427000046,0.435000092,0.445000172,0.040450,155582721,158053586.000,161838560,8,dynamic,16,e69dba7173ce24c6a7da469a73d8ffbc979bc58101ec20458f333f9b8208dba2,True,True,0.502,mandelbrot_omp_zoom_4096.exe
"medicao|openmp|zoom|4096|t6|static,16|r4",2026-09-20T22:56:16,zoom,medicao,4,openmp,6,static,16,4096,4096,5000,-0.745143887,-0.742143887,0.13032590399999999,0.133325904,0.581000090,0.061999798,0.552999973,0.569166660,0.581000090,0.048193,205364267,210738114.667,214189306,6,static,16,e69dba7173ce24c6a7da469a73d8ffbc979bc58101ec20458f333f9b8208dba2,True,True,0.660,mandelbrot_omp_zoom_4096.exe
"medicao|openmp|zoom|4096|t6|guided,16|r4",2026-09-20T22:56:17,zoom,medicao,4,openmp,6,guided,16,4096,4096,5000,-0.745143887,-0.742143887,0.13032590399999999,0.133325904,0.643000126,0.045000076,0.544999838,0.567499955,0.641999960,0.151091,200440526,210738114.667,240253126,6,guided,16,e69dba7173ce24c6a7da469a73d8ffbc979bc58101ec20458f333f9b8208dba2,True,True,0.702,mandelbrot_omp_zoom_4096.exe
"medicao|openmp|zoom|4096|t12|static,16|r4",2026-09-20T22:56:18,zoom,medicao,4,openmp,12,static,16,4096,4096,5000,-0.745143887,-0.742143887,0.13032590399999999,0.133325904,0.359999895,0.045000076,0.295000076,0.314250052,0.358999968,0.178273,100740563,105369057.333,113185517,12,static,16,e69dba7173ce24c6a7da469a73d8ffbc979bc58101ec20458f333f9b8208dba2,True,True,0.420,mandelbrot_omp_zoom_4096.exe
"medicao|openmp|zoom|4096|t6|dynamic,256|r4",2026-09-20T22:56:19,zoom,medicao,4,openmp,6,dynamic,256,4096,4096,5000,-0.745143887,-0.742143887,0.13032590399999999,0.133325904,0.779999971,0.039999962,0.474999905,0.571666598,0.779999971,0.391026,172234356,210738114.667,293486690,6,dynamic,256,e69dba7173ce24c6a7da469a73d8ffbc979bc58101ec20458f333f9b8208dba2,True,True,0.834,mandelbrot_omp_zoom_4096.exe
"medicao|openmp|zoom|4096|t12|guided,64|r4",2026-09-20T22:56:19,zoom,medicao,4,openmp,12,guided,64,4096,4096,5000,-0.745143887,-0.742143887,0.13032590399999999,0.133325904,0.400000095,0.104999781,0.295000076,0.336750050,0.399000168,0.260652,83984444,105369057.333,130857427,12,guided,64,e69dba7173ce24c6a7da469a73d8ffbc979bc58101ec20458f333f9b8208dba2,True,True,0.518,mandelbrot_omp_zoom_4096.exe
"medicao|openmp|zoom|4096|t12|static,256|r4",2026-09-20T22:56:20,zoom,medicao,4,openmp,12,static,256,4096,4096,5000,-0.745143887,-0.742143887,0.13032590399999999,0.133325904,0.648999929,0.140000105,0.116999865,0.297166725,0.648999929,0.819723,39941024,105369057.333,240340311,12,static,256,e69dba7173ce24c6a7da469a73d8ffbc979bc58101ec20458f333f9b8208dba2,True,True,0.804,mandelbrot_omp_zoom_4096.exe
"medicao|openmp|zoom|4096|t6|dynamic,4|r4",2026-09-20T22:56:21,zoom,medicao,4,openmp,6,dynamic,4,4096,4096,5000,-0.745143887,-0.742143887,0.13032590399999999,0.133325904,0.572999954,0.046000004,0.567999840,0.570166588,0.572999954,0.008726,209954126,210738114.667,213066824,6,dynamic,4,e69dba7173ce24c6a7da469a73d8ffbc979bc58101ec20458f333f9b8208dba2,True,True,0.635,mandelbrot_omp_zoom_4096.exe
"medicao|openmp|zoom|4096|t12|static,64|r4",2026-09-20T22:56:21,zoom,medicao,4,openmp,12,static,64,4096,4096,5000,-0.745143887,-0.742143887,0.13032590399999999,0.133325904,0.389999866,0.046000004,0.264999866,0.318749964,0.389999866,0.320513,87036210,105369057.333,126338551,12,static,64,e69dba7173ce24c6a7da469a73d8ffbc979bc58101ec20458f333f9b8208dba2,True,True,0.451,mandelbrot_omp_zoom_4096.exe
"medicao|openmp|zoom|4096|t4|dynamic,16|r4",2026-09-20T22:56:22,zoom,medicao,4,openmp,4,dynamic,16,4096,4096,5000,-0.745143887,-0.742143887,0.13032590399999999,0.133325904,0.841000080,0.042000055,0.830000162,0.836000085,0.841000080,0.013080,314277306,316107172.000,317442000,4,dynamic,16,e69dba7173ce24c6a7da469a73d8ffbc979bc58101ec20458f333f9b8208dba2,True,True,0.900,mandelbrot_omp_zoom_4096.exe
"medicao|openmp|zoom|4096|t12|static,0|r4",2026-09-20T22:56:23,zoom,medicao,4,openmp,12,static,0,4096,4096,5000,-0.745143887,-0.742143887,0.13032590399999999,0.133325904,0.453999996,0.040999889,0.154000044,0.303333402,0.451999903,0.659292,53187179,105369057.333,152345037,12,static,0,e69dba7173ce24c6a7da469a73d8ffbc979bc58101ec20458f333f9b8208dba2,True,True,0.509,mandelbrot_omp_zoom_4096.exe
"medicao|openmp|zoom|4096|t12|guided,16|r4",2026-09-20T22:56:23,zoom,medicao,4,openmp,12,guided,16,4096,4096,5000,-0.745143887,-0.742143887,0.13032590399999999,0.133325904,0.365000010,0.040999889,0.291999817,0.307749927,0.365000010,0.200001,92109185,105369057.333,125392691,12,guided,16,e69dba7173ce24c6a7da469a73d8ffbc979bc58101ec20458f333f9b8208dba2,True,True,0.419,mandelbrot_omp_zoom_4096.exe
"medicao|openmp|zoom|4096|t12|dynamic,4|r4",2026-09-20T22:56:24,zoom,medicao,4,openmp,12,dynamic,4,4096,4096,5000,-0.745143887,-0.742143887,0.13032590399999999,0.133325904,0.329999924,0.039999962,0.321000099,0.326416691,0.329999924,0.027272,95812061,105369057.333,112972345,12,dynamic,4,e69dba7173ce24c6a7da469a73d8ffbc979bc58101ec20458f333f9b8208dba2,True,True,0.388,mandelbrot_omp_zoom_4096.exe
"medicao|openmp|zoom|4096|t6|static,4|r4",2026-09-20T22:56:24,zoom,medicao,4,openmp,6,static,4,4096,4096,5000,-0.745143887,-0.742143887,0.13032590399999999,0.133325904,0.574000120,0.039000034,0.565000057,0.568500082,0.574000120,0.015680,209676365,210738114.667,211735238,6,static,4,e69dba7173ce24c6a7da469a73d8ffbc979bc58101ec20458f333f9b8208dba2,True,True,0.630,mandelbrot_omp_zoom_4096.exe
"medicao|openmp|zoom|4096|t12|static,4|r4",2026-09-20T22:56:25,zoom,medicao,4,openmp,12,static,4,4096,4096,5000,-0.745143887,-0.742143887,0.13032590399999999,0.133325904,0.332999945,0.051000118,0.302000046,0.311250091,0.332000017,0.090361,104556181,105369057.333,106846977,12,static,4,e69dba7173ce24c6a7da469a73d8ffbc979bc58101ec20458f333f9b8208dba2,True,True,0.401,mandelbrot_omp_zoom_4096.exe
"medicao|openmp|zoom|4096|t6|dynamic,64|r4",2026-09-20T22:56:26,zoom,medicao,4,openmp,6,dynamic,64,4096,4096,5000,-0.745143887,-0.742143887,0.13032590399999999,0.133325904,0.622999907,0.043999910,0.539999962,0.586333235,0.622999907,0.133226,195450675,210738114.667,222486638,6,dynamic,64,e69dba7173ce24c6a7da469a73d8ffbc979bc58101ec20458f333f9b8208dba2,True,True,0.680,mandelbrot_omp_zoom_4096.exe
"medicao|openmp|zoom|4096|t1|dynamic,1|r4",2026-09-20T22:56:29,zoom,medicao,4,openmp,1,dynamic,1,4096,4096,5000,-0.745143887,-0.742143887,0.13032590399999999,0.133325904,3.085000038,0.051000118,3.085000038,3.085000038,3.085000038,0.000000,1264428688,1264428688.000,1264428688,1,dynamic,1,e69dba7173ce24c6a7da469a73d8ffbc979bc58101ec20458f333f9b8208dba2,True,True,3.149,mandelbrot_omp_zoom_4096.exe
"medicao|openmp|zoom|4096|t4|guided,1|r4",2026-09-20T22:56:30,zoom,medicao,4,openmp,4,guided,1,4096,4096,5000,-0.745143887,-0.742143887,0.13032590399999999,0.133325904,0.935999870,0.064000130,0.799000025,0.833749950,0.935999870,0.146367,300971817,316107172.000,356502813,4,guided,1,e69dba7173ce24c6a7da469a73d8ffbc979bc58101ec20458f333f9b8208dba2,True,True,1.015,mandelbrot_omp_zoom_4096.exe
"medicao|openmp|zoom|4096|t2|dynamic,1|r4",2026-09-20T22:56:32,zoom,medicao,4,openmp,2,dynamic,1,4096,4096,5000,-0.745143887,-0.742143887,0.13032590399999999,0.133325904,1.586999893,0.041000128,1.585999966,1.586499929,1.586999893,0.000630,631859068,632214344.000,632569620,2,dynamic,1,e69dba7173ce24c6a7da469a73d8ffbc979bc58101ec20458f333f9b8208dba2,True,True,1.644,mandelbrot_omp_zoom_4096.exe
"medicao|openmp|zoom|4096|t6|static,1|r4",2026-09-20T22:56:32,zoom,medicao,4,openmp,6,static,1,4096,4096,5000,-0.745143887,-0.742143887,0.13032590399999999,0.133325904,0.575999975,0.042999983,0.569999933,0.571666678,0.575000048,0.008696,210319067,210738114.667,211029538,6,static,1,e69dba7173ce24c6a7da469a73d8ffbc979bc58101ec20458f333f9b8208dba2,True,True,0.635,mandelbrot_omp_zoom_4096.exe
"medicao|openmp|zoom|4096|t12|dynamic,256|r4",2026-09-20T22:56:33,zoom,medicao,4,openmp,12,dynamic,256,4096,4096,5000,-0.745143887,-0.742143887,0.13032590399999999,0.133325904,0.542999983,0.042999983,0.247999907,0.330083291,0.542000055,0.542436,76052908,105369057.333,197987584,12,dynamic,256,e69dba7173ce24c6a7da469a73d8ffbc979bc58101ec20458f333f9b8208dba2,True,True,0.601,mandelbrot_omp_zoom_4096.exe
"medicao|openmp|zoom|4096|t6|static,0|r4",2026-09-20T22:56:34,zoom,medicao,4,openmp,6,static,0,4096,4096,5000,-0.745143887,-0.742143887,0.13032590399999999,0.133325904,0.758000135,0.042999983,0.288000107,0.560000062,0.758000135,0.620053,110260885,210738114.667,287880163,6,static,0,e69dba7173ce24c6a7da469a73d8ffbc979bc58101ec20458f333f9b8208dba2,True,True,0.816,mandelbrot_omp_zoom_4096.exe
"medicao|openmp|zoom|4096|t12|static,1|r4",2026-09-20T22:56:34,zoom,medicao,4,openmp,12,static,1,4096,4096,5000,-0.745143887,-0.742143887,0.13032590399999999,0.133325904,0.338999987,0.039999962,0.302999973,0.312750041,0.338000059,0.103551,105075660,105369057.333,105805555,12,static,1,e69dba7173ce24c6a7da469a73d8ffbc979bc58101ec20458f333f9b8208dba2,True,True,0.395,mandelbrot_omp_zoom_4096.exe
"medicao|openmp|zoom|4096|t6|guided,64|r4",2026-09-20T22:56:35,zoom,medicao,4,openmp,6,guided,64,4096,4096,5000,-0.745143887,-0.742143887,0.13032590399999999,0.133325904,0.642999887,0.041000128,0.513000011,0.565999985,0.642999887,0.202177,191296807,210738114.667,240253126,6,guided,64,e69dba7173ce24c6a7da469a73d8ffbc979bc58101ec20458f333f9b8208dba2,True,True,0.698,mandelbrot_omp_zoom_4096.exe
"medicao|openmp|zoom|4096|t6|dynamic,16|r4",2026-09-20T22:56:36,zoom,medicao,4,openmp,6,dynamic,16,4096,4096,5000,-0.745143887,-0.742143887,0.13032590399999999,0.133325904,0.580000162,0.040999889,0.561000109,0.569833398,0.580000162,0.032759,206546325,210738114.667,215585326,6,dynamic,16,e69dba7173ce24c6a7da469a73d8ffbc979bc58101ec20458f333f9b8208dba2,True,True,0.638,mandelbrot_omp_zoom_4096.exe
"medicao|openmp|zoom|4096|t2|static,0|r4",2026-09-20T22:56:38,zoom,medicao,4,openmp,2,static,0,4096,4096,5000,-0.745143887,-0.742143887,0.13032590399999999,0.133325904,1.879999876,0.061000109,1.309000015,1.594499946,1.879999876,0.303723,517848247,632214344.000,746580441,2,static,0,e69dba7173ce24c6a7da469a73d8ffbc979bc58101ec20458f333f9b8208dba2,True,True,1.955,mandelbrot_omp_zoom_4096.exe
"medicao|openmp|zoom|4096|t12|dynamic,16|r4",2026-09-20T22:56:38,zoom,medicao,4,openmp,12,dynamic,16,4096,4096,5000,-0.745143887,-0.742143887,0.13032590399999999,0.133325904,0.340000153,0.059000015,0.317999840,0.327416599,0.338999987,0.061947,88654309,105369057.333,121495642,12,dynamic,16,e69dba7173ce24c6a7da469a73d8ffbc979bc58101ec20458f333f9b8208dba2,True,True,0.414,mandelbrot_omp_zoom_4096.exe
"medicao|openmp|zoom|4096|t12|dynamic,64|r4",2026-09-20T22:56:39,zoom,medicao,4,openmp,12,dynamic,64,4096,4096,5000,-0.745143887,-0.742143887,0.13032590399999999,0.133325904,0.398000002,0.039000034,0.309000015,0.350749989,0.398000002,0.223618,77938291,105369057.333,128301018,12,dynamic,64,e69dba7173ce24c6a7da469a73d8ffbc979bc58101ec20458f333f9b8208dba2,True,True,0.452,mandelbrot_omp_zoom_4096.exe
"medicao|openmp|zoom|4096|t6|guided,1|r4",2026-09-20T22:56:40,zoom,medicao,4,openmp,6,guided,1,4096,4096,5000,-0.745143887,-0.742143887,0.13032590399999999,0.133325904,0.648999929,0.045000076,0.552000046,0.568666697,0.648000002,0.148148,202539268,210738114.667,240253126,6,guided,1,e69dba7173ce24c6a7da469a73d8ffbc979bc58101ec20458f333f9b8208dba2,True,True,0.706,mandelbrot_omp_zoom_4096.exe
"medicao|openmp|zoom|4096|t2|static,1|r4",2026-09-20T22:56:41,zoom,medicao,4,openmp,2,static,1,4096,4096,5000,-0.745143887,-0.742143887,0.13032590399999999,0.133325904,1.590000153,0.053999901,1.588999987,1.589500070,1.590000153,0.000629,632119341,632214344.000,632309347,2,static,1,e69dba7173ce24c6a7da469a73d8ffbc979bc58101ec20458f333f9b8208dba2,True,True,1.662,mandelbrot_omp_zoom_4096.exe
"medicao|openmp|zoom|4096|t6|guided,4|r4",2026-09-20T22:56:42,zoom,medicao,4,openmp,6,guided,4,4096,4096,5000,-0.745143887,-0.742143887,0.13032590399999999,0.133325904,0.640999794,0.043000221,0.548000097,0.565166632,0.639999866,0.143750,203421152,210738114.667,240253126,6,guided,4,e69dba7173ce24c6a7da469a73d8ffbc979bc58101ec20458f333f9b8208dba2,True,True,0.700,mandelbrot_omp_zoom_4096.exe
"medicao|openmp|zoom|4096|t4|static,1|r4",2026-09-20T22:56:43,zoom,medicao,4,openmp,4,static,1,4096,4096,5000,-0.745143887,-0.742143887,0.13032590399999999,0.133325904,0.841000080,0.039999962,0.832999945,0.836250067,0.841000080,0.009513,316012610,316107172.000,316196877,4,static,1,e69dba7173ce24c6a7da469a73d8ffbc979bc58101ec20458f333f9b8208dba2,True,True,0.897,mandelbrot_omp_zoom_4096.exe
"medicao|openmp|zoom|4096|t2|guided,1|r4",2026-09-20T22:56:45,zoom,medicao,4,openmp,2,guided,1,4096,4096,5000,-0.745143887,-0.742143887,0.13032590399999999,0.133325904,1.873000145,0.039999962,1.308000088,1.590500116,1.873000145,0.301655,517848247,632214344.000,746580441,2,guided,1,e69dba7173ce24c6a7da469a73d8ffbc979bc58101ec20458f333f9b8208dba2,True,True,1.927,mandelbrot_omp_zoom_4096.exe
"medicao|openmp|zoom|4096|t12|guided,1|r4",2026-09-20T22:56:46,zoom,medicao,4,openmp,12,guided,1,4096,4096,5000,-0.745143887,-0.742143887,0.13032590399999999,0.133325904,0.355000019,0.040000200,0.298000097,0.305500130,0.355000019,0.160563,100243966,105369057.333,125392691,12,guided,1,e69dba7173ce24c6a7da469a73d8ffbc979bc58101ec20458f333f9b8208dba2,True,True,0.410,mandelbrot_omp_zoom_4096.exe
"medicao|openmp|zoom|4096|t8|static,1|r4",2026-09-20T22:56:46,zoom,medicao,4,openmp,8,static,1,4096,4096,5000,-0.745143887,-0.742143887,0.13032590399999999,0.133325904,0.466000080,0.041000128,0.442000151,0.456000090,0.466000080,0.051502,157933981,158053586.000,158262896,8,static,1,e69dba7173ce24c6a7da469a73d8ffbc979bc58101ec20458f333f9b8208dba2,True,True,0.523,mandelbrot_omp_zoom_4096.exe
"medicao|openmp|zoom|4096|t4|static,0|r4",2026-09-20T22:56:47,zoom,medicao,4,openmp,4,static,0,4096,4096,5000,-0.745143887,-0.742143887,0.13032590399999999,0.133325904,1.020999908,0.042999983,0.553999901,0.828749955,1.020999908,0.457395,212545577,316107172.000,390077628,4,static,0,e69dba7173ce24c6a7da469a73d8ffbc979bc58101ec20458f333f9b8208dba2,True,True,1.079,mandelbrot_omp_zoom_4096.exe
"medicao|openmp|zoom|4096|t6|static,256|r4",2026-09-20T22:56:48,zoom,medicao,4,openmp,6,static,256,4096,4096,5000,-0.745143887,-0.742143887,0.13032590399999999,0.133325904,0.752000093,0.042999983,0.361999989,0.557833393,0.752000093,0.518617,136080576,210738114.667,286833604,6,static,256,e69dba7173ce24c6a7da469a73d8ffbc979bc58101ec20458f333f9b8208dba2,True,True,0.810,mandelbrot_omp_zoom_4096.exe
"medicao|openmp|zoom|4096|t6|static,64|r4",2026-09-20T22:56:49,zoom,medicao,4,openmp,6,static,64,4096,4096,5000,-0.745143887,-0.742143887,0.13032590399999999,0.133325904,0.599999905,0.042000055,0.496000051,0.564166705,0.598999977,0.171953,184776997,210738114.667,224182202,6,static,64,e69dba7173ce24c6a7da469a73d8ffbc979bc58101ec20458f333f9b8208dba2,True,True,0.656,mandelbrot_omp_zoom_4096.exe
"medicao|openmp|zoom|4096|t12|guided,4|r4",2026-09-20T22:56:50,zoom,medicao,4,openmp,12,guided,4,4096,4096,5000,-0.745143887,-0.742143887,0.13032590399999999,0.133325904,0.364000082,0.047999859,0.305000067,0.313833336,0.364000082,0.162088,97408132,105369057.333,125392691,12,guided,4,e69dba7173ce24c6a7da469a73d8ffbc979bc58101ec20458f333f9b8208dba2,True,True,0.426,mandelbrot_omp_zoom_4096.exe
"medicao|openmp|zoom|4096|t2|dynamic,16|r4",2026-09-20T22:56:51,zoom,medicao,4,openmp,2,dynamic,16,4096,4096,5000,-0.745143887,-0.742143887,0.13032590399999999,0.133325904,1.608999968,0.046999931,1.601999998,1.605499983,1.608999968,0.004351,630955592,632214344.000,633473096,2,dynamic,16,e69dba7173ce24c6a7da469a73d8ffbc979bc58101ec20458f333f9b8208dba2,True,True,1.672,mandelbrot_omp_zoom_4096.exe
"medicao|openmp|zoom|4096|t8|dynamic,1|r4",2026-09-20T22:56:52,zoom,medicao,4,openmp,8,dynamic,1,4096,4096,5000,-0.745143887,-0.742143887,0.13032590399999999,0.133325904,0.437000036,0.058000088,0.434999943,0.435499907,0.435999870,0.002293,156792968,158053586.000,159335081,8,dynamic,1,e69dba7173ce24c6a7da469a73d8ffbc979bc58101ec20458f333f9b8208dba2,True,True,0.510,mandelbrot_omp_zoom_4096.exe
"medicao|openmp|zoom|4096|t6|static,64|r5",2026-09-20T22:56:53,zoom,medicao,5,openmp,6,static,64,4096,4096,5000,-0.745143887,-0.742143887,0.13032590399999999,0.133325904,0.605999947,0.044000149,0.496000051,0.568833311,0.605999947,0.181518,184776997,210738114.667,224182202,6,static,64,e69dba7173ce24c6a7da469a73d8ffbc979bc58101ec20458f333f9b8208dba2,True,True,0.665,mandelbrot_omp_zoom_4096.exe
"medicao|openmp|zoom|4096|t6|dynamic,64|r5",2026-09-20T22:56:53,zoom,medicao,5,openmp,6,dynamic,64,4096,4096,5000,-0.745143887,-0.742143887,0.13032590399999999,0.133325904,0.606000185,0.040999889,0.524000168,0.569833438,0.606000185,0.135314,193142956,210738114.667,222946068,6,dynamic,64,e69dba7173ce24c6a7da469a73d8ffbc979bc58101ec20458f333f9b8208dba2,True,True,0.661,mandelbrot_omp_zoom_4096.exe
"medicao|openmp|zoom|4096|t2|dynamic,1|r5",2026-09-20T22:56:55,zoom,medicao,5,openmp,2,dynamic,1,4096,4096,5000,-0.745143887,-0.742143887,0.13032590399999999,0.133325904,1.588999987,0.039999962,1.588999987,1.588999987,1.588999987,0.000000,631720138,632214344.000,632708550,2,dynamic,1,e69dba7173ce24c6a7da469a73d8ffbc979bc58101ec20458f333f9b8208dba2,True,True,1.647,mandelbrot_omp_zoom_4096.exe
"medicao|openmp|zoom|4096|t12|static,256|r5",2026-09-20T22:56:56,zoom,medicao,5,openmp,12,static,256,4096,4096,5000,-0.745143887,-0.742143887,0.13032590399999999,0.133325904,0.647000074,0.036999941,0.115999937,0.301083366,0.647000074,0.820711,39941024,105369057.333,240340311,12,static,256,e69dba7173ce24c6a7da469a73d8ffbc979bc58101ec20458f333f9b8208dba2,True,True,0.699,mandelbrot_omp_zoom_4096.exe
"medicao|openmp|zoom|4096|t6|guided,1|r5",2026-09-20T22:56:57,zoom,medicao,5,openmp,6,guided,1,4096,4096,5000,-0.745143887,-0.742143887,0.13032590399999999,0.133325904,0.643000126,0.040999889,0.548000097,0.564333399,0.642000198,0.146418,203620833,210738114.667,240253126,6,guided,1,e69dba7173ce24c6a7da469a73d8ffbc979bc58101ec20458f333f9b8208dba2,True,True,0.698,mandelbrot_omp_zoom_4096.exe
"medicao|openmp|zoom|4096|t6|static,16|r5",2026-09-20T22:56:57,zoom,medicao,5,openmp,6,static,16,4096,4096,5000,-0.745143887,-0.742143887,0.13032590399999999,0.133325904,0.605000019,0.041000128,0.556000233,0.580500126,0.604000092,0.079470,205364267,210738114.667,214189306,6,static,16,e69dba7173ce24c6a7da469a73d8ffbc979bc58101ec20458f333f9b8208dba2,True,True,0.663,mandelbrot_omp_zoom_4096.exe
"medicao|openmp|zoom|4096|t6|guided,64|r5",2026-09-20T22:56:58,zoom,medicao,5,openmp,6,guided,64,4096,4096,5000,-0.745143887,-0.742143887,0.13032590399999999,0.133325904,0.648000002,0.039999962,0.516999960,0.567833344,0.647000074,0.200928,191296807,210738114.667,240253126,6,guided,64,e69dba7173ce24c6a7da469a73d8ffbc979bc58101ec20458f333f9b8208dba2,True,True,0.703,mandelbrot_omp_zoom_4096.exe
"medicao|openmp|zoom|4096|t12|guided,1|r5",2026-09-20T22:56:59,zoom,medicao,5,openmp,12,guided,1,4096,4096,5000,-0.745143887,-0.742143887,0.13032590399999999,0.133325904,0.353999853,0.039999962,0.304999828,0.314083318,0.352999926,0.135978,95187813,105369057.333,125392691,12,guided,1,e69dba7173ce24c6a7da469a73d8ffbc979bc58101ec20458f333f9b8208dba2,True,True,0.408,mandelbrot_omp_zoom_4096.exe
"medicao|openmp|zoom|4096|t4|static,1|r5",2026-09-20T22:57:00,zoom,medicao,5,openmp,4,static,1,4096,4096,5000,-0.745143887,-0.742143887,0.13032590399999999,0.133325904,0.835000038,0.040999889,0.828000069,0.831500053,0.834000111,0.007194,316012610,316107172.000,316196877,4,static,1,e69dba7173ce24c6a7da469a73d8ffbc979bc58101ec20458f333f9b8208dba2,True,True,0.891,mandelbrot_omp_zoom_4096.exe
"medicao|openmp|zoom|4096|t12|static,16|r5",2026-09-20T22:57:00,zoom,medicao,5,openmp,12,static,16,4096,4096,5000,-0.745143887,-0.742143887,0.13032590399999999,0.133325904,0.347000122,0.039999962,0.294000149,0.313750108,0.346000195,0.150289,100740563,105369057.333,113185517,12,static,16,e69dba7173ce24c6a7da469a73d8ffbc979bc58101ec20458f333f9b8208dba2,True,True,0.404,mandelbrot_omp_zoom_4096.exe
"medicao|openmp|zoom|4096|t12|guided,4|r5",2026-09-20T22:57:01,zoom,medicao,5,openmp,12,guided,4,4096,4096,5000,-0.745143887,-0.742143887,0.13032590399999999,0.133325904,0.378999949,0.042000055,0.305999994,0.317166587,0.378000021,0.190476,86290476,105369057.333,125392691,12,guided,4,e69dba7173ce24c6a7da469a73d8ffbc979bc58101ec20458f333f9b8208dba2,True,True,0.436,mandelbrot_omp_zoom_4096.exe
"medicao|openmp|zoom|4096|t12|static,0|r5",2026-09-20T22:57:01,zoom,medicao,5,openmp,12,static,0,4096,4096,5000,-0.745143887,-0.742143887,0.13032590399999999,0.133325904,0.430999994,0.041000128,0.166999817,0.308500051,0.430999994,0.612529,53187179,105369057.333,152345037,12,static,0,e69dba7173ce24c6a7da469a73d8ffbc979bc58101ec20458f333f9b8208dba2,True,True,0.486,mandelbrot_omp_zoom_4096.exe
"medicao|openmp|zoom|4096|t12|static,64|r5",2026-09-20T22:57:02,zoom,medicao,5,openmp,12,static,64,4096,4096,5000,-0.745143887,-0.742143887,0.13032590399999999,0.133325904,0.416000128,0.040999889,0.269999981,0.346916755,0.416000128,0.350962,87036210,105369057.333,126338551,12,static,64,e69dba7173ce24c6a7da469a73d8ffbc979bc58101ec20458f333f9b8208dba2,True,True,0.472,mandelbrot_omp_zoom_4096.exe
"medicao|openmp|zoom|4096|t6|dynamic,1|r5",2026-09-20T22:57:02,zoom,medicao,5,openmp,6,dynamic,1,4096,4096,5000,-0.745143887,-0.742143887,0.13032590399999999,0.133325904,0.573000193,0.054999828,0.572000027,0.572333415,0.573000193,0.001745,208959352,210738114.667,212154010,6,dynamic,1,e69dba7173ce24c6a7da469a73d8ffbc979bc58101ec20458f333f9b8208dba2,True,True,0.646,mandelbrot_omp_zoom_4096.exe
"medicao|openmp|zoom|4096|t12|dynamic,256|r5",2026-09-20T22:57:03,zoom,medicao,5,openmp,12,dynamic,256,4096,4096,5000,-0.745143887,-0.742143887,0.13032590399999999,0.133325904,0.539000034,0.042999983,0.220999956,0.308000008,0.538000107,0.589219,76007685,105369057.333,198032807,12,dynamic,256,e69dba7173ce24c6a7da469a73d8ffbc979bc58101ec20458f333f9b8208dba2,True,True,0.595,mandelbrot_omp_zoom_4096.exe
"medicao|openmp|zoom|4096|t12|dynamic,4|r5",2026-09-20T22:57:03,zoom,medicao,5,openmp,12,dynamic,4,4096,4096,5000,-0.745143887,-0.742143887,0.13032590399999999,0.133325904,0.318000078,0.040999889,0.312000036,0.315416714,0.318000078,0.018868,97517420,105369057.333,109635731,12,dynamic,4,e69dba7173ce24c6a7da469a73d8ffbc979bc58101ec20458f333f9b8208dba2,True,True,0.377,mandelbrot_omp_zoom_4096.exe
"medicao|openmp|zoom|4096|t12|dynamic,64|r5",2026-09-20T22:57:04,zoom,medicao,5,openmp,12,dynamic,64,4096,4096,5000,-0.745143887,-0.742143887,0.13032590399999999,0.133325904,0.374000072,0.055000067,0.280000210,0.323333442,0.373000145,0.249329,75616259,105369057.333,129642448,12,dynamic,64,e69dba7173ce24c6a7da469a73d8ffbc979bc58101ec20458f333f9b8208dba2,True,True,0.442,mandelbrot_omp_zoom_4096.exe
"medicao|openmp|zoom|4096|t6|guided,16|r5",2026-09-20T22:57:05,zoom,medicao,5,openmp,6,guided,16,4096,4096,5000,-0.745143887,-0.742143887,0.13032590399999999,0.133325904,0.644999981,0.055999994,0.542999983,0.568333308,0.644999981,0.158140,200440526,210738114.667,240253126,6,guided,16,e69dba7173ce24c6a7da469a73d8ffbc979bc58101ec20458f333f9b8208dba2,True,True,0.715,mandelbrot_omp_zoom_4096.exe
"medicao|openmp|zoom|4096|t4|guided,1|r5",2026-09-20T22:57:06,zoom,medicao,5,openmp,4,guided,1,4096,4096,5000,-0.745143887,-0.742143887,0.13032590399999999,0.133325904,0.937999964,0.041000128,0.800999880,0.835749984,0.937999964,0.146056,300074019,316107172.000,356502813,4,guided,1,e69dba7173ce24c6a7da469a73d8ffbc979bc58101ec20458f333f9b8208dba2,True,True,0.993,mandelbrot_omp_zoom_4096.exe
"medicao|openmp|zoom|4096|t8|static,0|r5",2026-09-20T22:57:07,zoom,medicao,5,openmp,8,static,0,4096,4096,5000,-0.745143887,-0.742143887,0.13032590399999999,0.133325904,0.559000015,0.040999889,0.217000008,0.429624975,0.559000015,0.611807,79899736,158053586.000,205393909,8,static,0,e69dba7173ce24c6a7da469a73d8ffbc979bc58101ec20458f333f9b8208dba2,True,True,0.614,mandelbrot_omp_zoom_4096.exe
"medicao|openmp|zoom|4096|t6|static,0|r5",2026-09-20T22:57:07,zoom,medicao,5,openmp,6,static,0,4096,4096,5000,-0.745143887,-0.742143887,0.13032590399999999,0.133325904,0.761999846,0.039000034,0.286999941,0.561333219,0.761999846,0.623360,110260885,210738114.667,287880163,6,static,0,e69dba7173ce24c6a7da469a73d8ffbc979bc58101ec20458f333f9b8208dba2,True,True,0.816,mandelbrot_omp_zoom_4096.exe
"medicao|openmp|zoom|4096|t4|dynamic,16|r5",2026-09-20T22:57:08,zoom,medicao,5,openmp,4,dynamic,16,4096,4096,5000,-0.745143887,-0.742143887,0.13032590399999999,0.133325904,0.845999956,0.040999889,0.829999924,0.837999940,0.845000029,0.017752,311895561,316107172.000,321387403,4,dynamic,16,e69dba7173ce24c6a7da469a73d8ffbc979bc58101ec20458f333f9b8208dba2,True,True,0.903,mandelbrot_omp_zoom_4096.exe
"medicao|openmp|zoom|4096|t8|dynamic,1|r5",2026-09-20T22:57:09,zoom,medicao,5,openmp,8,dynamic,1,4096,4096,5000,-0.745143887,-0.742143887,0.13032590399999999,0.133325904,0.439000130,0.040999889,0.437999964,0.438750088,0.439000130,0.002278,157221180,158053586.000,158732790,8,dynamic,1,e69dba7173ce24c6a7da469a73d8ffbc979bc58101ec20458f333f9b8208dba2,True,True,0.498,mandelbrot_omp_zoom_4096.exe
"medicao|openmp|zoom|4096|t6|guided,4|r5",2026-09-20T22:57:10,zoom,medicao,5,openmp,6,guided,4,4096,4096,5000,-0.745143887,-0.742143887,0.13032590399999999,0.133325904,0.648000002,0.058000088,0.549999952,0.567499916,0.646999836,0.149923,203556105,210738114.667,240253126,6,guided,4,e69dba7173ce24c6a7da469a73d8ffbc979bc58101ec20458f333f9b8208dba2,True,True,0.720,mandelbrot_omp_zoom_4096.exe
"medicao|openmp|zoom|4096|t6|dynamic,16|r5",2026-09-20T22:57:10,zoom,medicao,5,openmp,6,dynamic,16,4096,4096,5000,-0.745143887,-0.742143887,0.13032590399999999,0.133325904,0.579999924,0.039999962,0.559000015,0.568666617,0.579999924,0.036207,206944973,210738114.667,217272483,6,dynamic,16,e69dba7173ce24c6a7da469a73d8ffbc979bc58101ec20458f333f9b8208dba2,True,True,0.636,mandelbrot_omp_zoom_4096.exe
"medicao|openmp|zoom|4096|t6|static,4|r5",2026-09-20T22:57:11,zoom,medicao,5,openmp,6,static,4,4096,4096,5000,-0.745143887,-0.742143887,0.13032590399999999,0.133325904,0.574000120,0.042000055,0.566999912,0.569833279,0.572999954,0.010471,209676365,210738114.667,211735238,6,static,4,e69dba7173ce24c6a7da469a73d8ffbc979bc58101ec20458f333f9b8208dba2,True,True,0.632,mandelbrot_omp_zoom_4096.exe
"medicao|openmp|zoom|4096|t2|dynamic,16|r5",2026-09-20T22:57:13,zoom,medicao,5,openmp,2,dynamic,16,4096,4096,5000,-0.745143887,-0.742143887,0.13032590399999999,0.133325904,1.611000061,0.039000034,1.602999926,1.606999993,1.611000061,0.004966,630269428,632214344.000,634159260,2,dynamic,16,e69dba7173ce24c6a7da469a73d8ffbc979bc58101ec20458f333f9b8208dba2,True,True,1.666,mandelbrot_omp_zoom_4096.exe
"medicao|openmp|zoom|4096|t8|guided,1|r5",2026-09-20T22:57:14,zoom,medicao,5,openmp,8,guided,1,4096,4096,5000,-0.745143887,-0.742143887,0.13032590399999999,0.133325904,0.483000040,0.040999889,0.425999880,0.435375005,0.483000040,0.118013,153532449,158053586.000,176958086,8,guided,1,e69dba7173ce24c6a7da469a73d8ffbc979bc58101ec20458f333f9b8208dba2,True,True,0.538,mandelbrot_omp_zoom_4096.exe
"medicao|openmp|zoom|4096|t6|dynamic,256|r5",2026-09-20T22:57:14,zoom,medicao,5,openmp,6,dynamic,256,4096,4096,5000,-0.745143887,-0.742143887,0.13032590399999999,0.133325904,0.779999971,0.042999983,0.472000122,0.574666699,0.779999971,0.394872,171506791,210738114.667,294214255,6,dynamic,256,e69dba7173ce24c6a7da469a73d8ffbc979bc58101ec20458f333f9b8208dba2,True,True,0.837,mandelbrot_omp_zoom_4096.exe
"medicao|openmp|zoom|4096|t2|guided,1|r5",2026-09-20T22:57:16,zoom,medicao,5,openmp,2,guided,1,4096,4096,5000,-0.745143887,-0.742143887,0.13032590399999999,0.133325904,1.873999834,0.039000034,1.306999922,1.589999914,1.872999907,0.302189,517848247,632214344.000,746580441,2,guided,1,e69dba7173ce24c6a7da469a73d8ffbc979bc58101ec20458f333f9b8208dba2,True,True,1.926,mandelbrot_omp_zoom_4096.exe
"medicao|openmp|zoom|4096|t12|static,1|r5",2026-09-20T22:57:17,zoom,medicao,5,openmp,12,static,1,4096,4096,5000,-0.745143887,-0.742143887,0.13032590399999999,0.133325904,0.373000145,0.040999889,0.298999786,0.325666527,0.371999979,0.196237,105075660,105369057.333,105805555,12,static,1,e69dba7173ce24c6a7da469a73d8ffbc979bc58101ec20458f333f9b8208dba2,True,True,0.430,mandelbrot_omp_zoom_4096.exe
"medicao|openmp|zoom|4096|t6|static,1|r5",2026-09-20T22:57:18,zoom,medicao,5,openmp,6,static,1,4096,4096,5000,-0.745143887,-0.742143887,0.13032590399999999,0.133325904,0.572999954,0.039999962,0.568000078,0.570833405,0.572000027,0.006993,210319067,210738114.667,211029538,6,static,1,e69dba7173ce24c6a7da469a73d8ffbc979bc58101ec20458f333f9b8208dba2,True,True,0.629,mandelbrot_omp_zoom_4096.exe
"medicao|openmp|zoom|4096|t12|dynamic,1|r5",2026-09-20T22:57:18,zoom,medicao,5,openmp,12,dynamic,1,4096,4096,5000,-0.745143887,-0.742143887,0.13032590399999999,0.133325904,0.325000048,0.042999983,0.322000027,0.323166609,0.323999882,0.006172,92753137,105369057.333,111051847,12,dynamic,1,e69dba7173ce24c6a7da469a73d8ffbc979bc58101ec20458f333f9b8208dba2,True,True,0.385,mandelbrot_omp_zoom_4096.exe
"medicao|openmp|zoom|4096|t4|static,0|r5",2026-09-20T22:57:19,zoom,medicao,5,openmp,4,static,0,4096,4096,5000,-0.745143887,-0.742143887,0.13032590399999999,0.133325904,1.022000074,0.039999962,0.555999994,0.831250012,1.022000074,0.455969,212545577,316107172.000,390077628,4,static,0,e69dba7173ce24c6a7da469a73d8ffbc979bc58101ec20458f333f9b8208dba2,True,True,1.076,mandelbrot_omp_zoom_4096.exe
"medicao|openmp|zoom|4096|t2|static,0|r5",2026-09-20T22:57:21,zoom,medicao,5,openmp,2,static,0,4096,4096,5000,-0.745143887,-0.742143887,0.13032590399999999,0.133325904,1.877000093,0.052000046,1.307000160,1.592000127,1.877000093,0.303676,517848247,632214344.000,746580441,2,static,0,e69dba7173ce24c6a7da469a73d8ffbc979bc58101ec20458f333f9b8208dba2,True,True,1.942,mandelbrot_omp_zoom_4096.exe
"medicao|openmp|zoom|4096|t1|dynamic,1|r5",2026-09-20T22:57:24,zoom,medicao,5,openmp,1,dynamic,1,4096,4096,5000,-0.745143887,-0.742143887,0.13032590399999999,0.133325904,3.106999874,0.038000107,3.106999874,3.106999874,3.106999874,0.000000,1264428688,1264428688.000,1264428688,1,dynamic,1,e69dba7173ce24c6a7da469a73d8ffbc979bc58101ec20458f333f9b8208dba2,True,True,3.159,mandelbrot_omp_zoom_4096.exe
"medicao|openmp|zoom|4096|t12|guided,64|r5",2026-09-20T22:57:25,zoom,medicao,5,openmp,12,guided,64,4096,4096,5000,-0.745143887,-0.742143887,0.13032590399999999,0.133325904,0.355999947,0.040999889,0.273999929,0.306000014,0.355000019,0.228169,95253775,105369057.333,125392691,12,guided,64,e69dba7173ce24c6a7da469a73d8ffbc979bc58101ec20458f333f9b8208dba2,True,True,0.412,mandelbrot_omp_zoom_4096.exe
"medicao|openmp|zoom|4096|t12|static,4|r5",2026-09-20T22:57:25,zoom,medicao,5,openmp,12,static,4,4096,4096,5000,-0.745143887,-0.742143887,0.13032590399999999,0.133325904,0.335000038,0.044999838,0.307000160,0.317833424,0.334000111,0.080838,104556181,105369057.333,106846977,12,static,4,e69dba7173ce24c6a7da469a73d8ffbc979bc58101ec20458f333f9b8208dba2,True,True,0.397,mandelbrot_omp_zoom_4096.exe
"medicao|openmp|zoom|4096|t12|guided,16|r5",2026-09-20T22:57:26,zoom,medicao,5,openmp,12,guided,16,4096,4096,5000,-0.745143887,-0.742143887,0.13032590399999999,0.133325904,0.414000034,0.044000149,0.302000046,0.327000062,0.414000034,0.270531,85442247,105369057.333,125392691,12,guided,16,e69dba7173ce24c6a7da469a73d8ffbc979bc58101ec20458f333f9b8208dba2,True,True,0.475,mandelbrot_omp_zoom_4096.exe
"medicao|openmp|zoom|4096|t2|static,1|r5",2026-09-20T22:57:28,zoom,medicao,5,openmp,2,static,1,4096,4096,5000,-0.745143887,-0.742143887,0.13032590399999999,0.133325904,1.597000122,0.044999838,1.595999956,1.596500039,1.597000122,0.000626,632119341,632214344.000,632309347,2,static,1,e69dba7173ce24c6a7da469a73d8ffbc979bc58101ec20458f333f9b8208dba2,True,True,1.659,mandelbrot_omp_zoom_4096.exe
"medicao|openmp|zoom|4096|t4|dynamic,1|r5",2026-09-20T22:57:29,zoom,medicao,5,openmp,4,dynamic,1,4096,4096,5000,-0.745143887,-0.742143887,0.13032590399999999,0.133325904,0.843000174,0.038999796,0.842000008,0.842250049,0.843000174,0.001186,312789805,316107172.000,318345083,4,dynamic,1,e69dba7173ce24c6a7da469a73d8ffbc979bc58101ec20458f333f9b8208dba2,True,True,0.899,mandelbrot_omp_zoom_4096.exe
"medicao|openmp|zoom|4096|t6|static,256|r5",2026-09-20T22:57:30,zoom,medicao,5,openmp,6,static,256,4096,4096,5000,-0.745143887,-0.742143887,0.13032590399999999,0.133325904,0.763000011,0.039000034,0.361999989,0.561833302,0.763000011,0.525557,136080576,210738114.667,286833604,6,static,256,e69dba7173ce24c6a7da469a73d8ffbc979bc58101ec20458f333f9b8208dba2,True,True,0.817,mandelbrot_omp_zoom_4096.exe
"medicao|openmp|zoom|4096|t6|dynamic,4|r5",2026-09-20T22:57:30,zoom,medicao,5,openmp,6,dynamic,4,4096,4096,5000,-0.745143887,-0.742143887,0.13032590399999999,0.133325904,0.569000006,0.039999962,0.564000130,0.566166719,0.568000078,0.007042,209911676,210738114.667,212061760,6,dynamic,4,e69dba7173ce24c6a7da469a73d8ffbc979bc58101ec20458f333f9b8208dba2,True,True,0.624,mandelbrot_omp_zoom_4096.exe
"medicao|openmp|zoom|4096|t12|dynamic,16|r5",2026-09-20T22:57:31,zoom,medicao,5,openmp,12,dynamic,16,4096,4096,5000,-0.745143887,-0.742143887,0.13032590399999999,0.133325904,0.328000069,0.040999889,0.304000139,0.315000117,0.327000141,0.070336,96792362,105369057.333,114168668,12,dynamic,16,e69dba7173ce24c6a7da469a73d8ffbc979bc58101ec20458f333f9b8208dba2,True,True,0.385,mandelbrot_omp_zoom_4096.exe
"medicao|openmp|zoom|4096|t8|dynamic,16|r5",2026-09-20T22:57:31,zoom,medicao,5,openmp,8,dynamic,16,4096,4096,5000,-0.745143887,-0.742143887,0.13032590399999999,0.133325904,0.443000078,0.039000034,0.428000212,0.435000092,0.443000078,0.033860,155349352,158053586.000,160897589,8,dynamic,16,e69dba7173ce24c6a7da469a73d8ffbc979bc58101ec20458f333f9b8208dba2,True,True,0.497,mandelbrot_omp_zoom_4096.exe
"medicao|openmp|zoom|4096|t8|static,1|r5",2026-09-20T22:57:32,zoom,medicao,5,openmp,8,static,1,4096,4096,5000,-0.745143887,-0.742143887,0.13032590399999999,0.133325904,0.441999912,0.041000128,0.437999964,0.439500034,0.440999985,0.006803,157933981,158053586.000,158262896,8,static,1,e69dba7173ce24c6a7da469a73d8ffbc979bc58101ec20458f333f9b8208dba2,True,True,0.501,mandelbrot_omp_zoom_4096.exe
"baseline_fim|sequencial|zoom|4096|t1|nenhum,0|r1",2026-09-20T22:57:35,zoom,baseline_fim,1,sequencial,1,nenhum,0,4096,4096,5000,-0.745143887,-0.742143887,0.13032590399999999,0.133325904,3.091000080,0.067000151,3.091000080,3.091000080,3.091000080,0.000000,1264428688,1264428688.000,1264428688,1,nenhum,0,e69dba7173ce24c6a7da469a73d8ffbc979bc58101ec20458f333f9b8208dba2,True,True,3.174,mandelbrot_seq_zoom_4096.exe
"baseline_fim|sequencial|zoom|4096|t1|nenhum,0|r2",2026-09-20T22:57:38,zoom,baseline_fim,2,sequencial,1,nenhum,0,4096,4096,5000,-0.745143887,-0.742143887,0.13032590399999999,0.133325904,3.100000143,0.041999817,3.100000143,3.100000143,3.100000143,0.000000,1264428688,1264428688.000,1264428688,1,nenhum,0,e69dba7173ce24c6a7da469a73d8ffbc979bc58101ec20458f333f9b8208dba2,True,True,3.155,mandelbrot_seq_zoom_4096.exe
"baseline_fim|sequencial|zoom|4096|t1|nenhum,0|r3",2026-09-20T22:57:42,zoom,baseline_fim,3,sequencial,1,nenhum,0,4096,4096,5000,-0.745143887,-0.742143887,0.13032590399999999,0.133325904,3.088000059,0.046999931,3.088000059,3.088000059,3.088000059,0.000000,1264428688,1264428688.000,1264428688,1,nenhum,0,e69dba7173ce24c6a7da469a73d8ffbc979bc58101ec20458f333f9b8208dba2,True,True,3.152,mandelbrot_seq_zoom_4096.exe
"referencia|sequencial|padrao|4096|t1|nenhum,0|r1",2026-09-20T22:58:17,padrao,referencia,1,sequencial,1,nenhum,0,4096,4096,1000,-2,1,-1.5,1.5,6.957000017,0.041000128,6.957000017,6.957000017,6.957000017,0.000000,2895092789,2895092789.000,2895092789,1,nenhum,0,e50c4473b1256734f2a689a350cd056774c7a3aa5461a598bb12055c19c5c817,True,True,7.015,mandelbrot_seq_padrao_4096.exe
"referencia|sequencial|padrao|5793|t1|nenhum,0|r1",2026-09-20T22:58:31,padrao,referencia,1,sequencial,1,nenhum,0,5793,5793,1000,-2,1,-1.5,1.5,13.955000162,0.089999914,13.955000162,13.955000162,13.955000162,0.000000,5792504603,5792504603.000,5792504603,1,nenhum,0,6dc569a441cbb77d04f4324004ea2e2c4e295c36b9f92768035b43d3ec6f25e9,True,True,14.108,mandelbrot_seq_padrao_5793.exe
"referencia|sequencial|padrao|8192|t1|nenhum,0|r1",2026-09-20T22:58:59,padrao,referencia,1,sequencial,1,nenhum,0,8192,8192,1000,-2,1,-1.5,1.5,27.685999870,0.177999973,27.685999870,27.685999870,27.685999870,0.000000,11582405930,11582405930.000,11582405930,1,nenhum,0,d213e5de279135cd5af926ed24fceba7e82185c40620ee8b1d680bf4e631e4c8,True,True,27.920,mandelbrot_seq_padrao_8192.exe
"referencia|sequencial|padrao|10033|t1|nenhum,0|r1",2026-09-20T22:59:42,padrao,referencia,1,sequencial,1,nenhum,0,10033,10033,1000,-2,1,-1.5,1.5,41.569000006,0.275000095,41.569000006,41.569000006,41.569000006,0.000000,17375734773,17375734773.000,17375734773,1,nenhum,0,6c6ceaa109c8b07bf308e44fca489207ceb2270fbdf98d21894a226e1677ac11,True,True,41.907,mandelbrot_seq_padrao_10033.exe
"referencia|sequencial|padrao|11585|t1|nenhum,0|r1",2026-09-20T23:00:38,padrao,referencia,1,sequencial,1,nenhum,0,11585,11585,1000,-2,1,-1.5,1.5,55.353999853,0.397000074,55.353999853,55.353999853,55.353999853,0.000000,23167813724,23167813724.000,23167813724,1,nenhum,0,077a73203df502fc4580d5b0d43e5f2ca0748013bf0e7dacda41a3d715f52e97,True,True,55.814,mandelbrot_seq_padrao_11585.exe
"medicao|openmp|padrao|5793|t2|dynamic,1|r1",2026-09-20T23:00:45,padrao,medicao,1,openmp,2,dynamic,1,5793,5793,1000,-2,1,-1.5,1.5,7.219999790,0.087000132,7.219999790,7.219999790,7.219999790,0.000000,2896128279,2896252301.500,2896376324,2,dynamic,1,6dc569a441cbb77d04f4324004ea2e2c4e295c36b9f92768035b43d3ec6f25e9,True,True,7.364,mandelbrot_omp_padrao_5793.exe
"medicao|openmp|padrao|8192|t4|dynamic,1|r1",2026-09-20T23:00:53,padrao,medicao,1,openmp,4,dynamic,1,8192,8192,1000,-2,1,-1.5,1.5,7.476000071,0.186999798,7.474999905,7.475249946,7.476000071,0.000134,2894509366,2895601482.500,2896318445,4,dynamic,1,d213e5de279135cd5af926ed24fceba7e82185c40620ee8b1d680bf4e631e4c8,True,True,7.724,mandelbrot_omp_padrao_8192.exe
"medicao|openmp|padrao|10033|t6|dynamic,1|r1",2026-09-20T23:01:02,padrao,medicao,1,openmp,6,dynamic,1,10033,10033,1000,-2,1,-1.5,1.5,7.694999933,0.269000053,7.694000006,7.694000006,7.694000006,0.000000,2889747937,2895955795.500,2899401053,6,dynamic,1,6c6ceaa109c8b07bf308e44fca489207ceb2270fbdf98d21894a226e1677ac11,True,True,8.040,mandelbrot_omp_padrao_10033.exe
"medicao|openmp|padrao|11585|t8|dynamic,1|r1",2026-09-20T23:01:11,padrao,medicao,1,openmp,8,dynamic,1,11585,11585,1000,-2,1,-1.5,1.5,7.855000019,0.391999960,7.855000019,7.855000019,7.855000019,0.000000,2892002478,2895976715.500,2903874715,8,dynamic,1,077a73203df502fc4580d5b0d43e5f2ca0748013bf0e7dacda41a3d715f52e97,True,True,8.328,mandelbrot_omp_padrao_11585.exe
"medicao|openmp|padrao|5793|t2|dynamic,1|r2",2026-09-20T23:01:18,padrao,medicao,2,openmp,2,dynamic,1,5793,5793,1000,-2,1,-1.5,1.5,7.171000004,0.086999893,7.169999838,7.170499921,7.171000004,0.000139,2894268374,2896252301.500,2898236229,2,dynamic,1,6dc569a441cbb77d04f4324004ea2e2c4e295c36b9f92768035b43d3ec6f25e9,True,True,7.283,mandelbrot_omp_padrao_5793.exe
"medicao|openmp|padrao|8192|t4|dynamic,1|r2",2026-09-20T23:01:26,padrao,medicao,2,openmp,4,dynamic,1,8192,8192,1000,-2,1,-1.5,1.5,7.483000040,0.191999912,7.483000040,7.483000040,7.483000040,0.000000,2891686650,2895601482.500,2900927580,4,dynamic,1,d213e5de279135cd5af926ed24fceba7e82185c40620ee8b1d680bf4e631e4c8,True,True,7.712,mandelbrot_omp_padrao_8192.exe
"medicao|openmp|padrao|10033|t6|dynamic,1|r2",2026-09-20T23:01:35,padrao,medicao,2,openmp,6,dynamic,1,10033,10033,1000,-2,1,-1.5,1.5,7.735999823,0.271000147,7.733999968,7.735166550,7.735999823,0.000259,2890642604,2895955795.500,2898171034,6,dynamic,1,6c6ceaa109c8b07bf308e44fca489207ceb2270fbdf98d21894a226e1677ac11,True,True,8.048,mandelbrot_omp_padrao_10033.exe
"medicao|openmp|padrao|11585|t8|dynamic,1|r2",2026-09-20T23:01:43,padrao,medicao,2,openmp,8,dynamic,1,11585,11585,1000,-2,1,-1.5,1.5,7.841000080,0.369999886,7.841000080,7.841000080,7.841000080,0.000000,2890852703,2895976715.500,2900492756,8,dynamic,1,077a73203df502fc4580d5b0d43e5f2ca0748013bf0e7dacda41a3d715f52e97,True,True,8.262,mandelbrot_omp_padrao_11585.exe
"medicao|openmp|padrao|5793|t2|dynamic,1|r3",2026-09-20T23:01:51,padrao,medicao,3,openmp,2,dynamic,1,5793,5793,1000,-2,1,-1.5,1.5,7.204999924,0.085000038,7.204999924,7.204999924,7.204999924,0.000000,2895176327,2896252301.500,2897328276,2,dynamic,1,6dc569a441cbb77d04f4324004ea2e2c4e295c36b9f92768035b43d3ec6f25e9,True,True,7.316,mandelbrot_omp_padrao_5793.exe
"medicao|openmp|padrao|8192|t4|dynamic,1|r3",2026-09-20T23:01:59,padrao,medicao,3,openmp,4,dynamic,1,8192,8192,1000,-2,1,-1.5,1.5,7.458000183,0.184000015,7.458000183,7.458000183,7.458000183,0.000000,2890724593,2895601482.500,2898576649,4,dynamic,1,d213e5de279135cd5af926ed24fceba7e82185c40620ee8b1d680bf4e631e4c8,True,True,7.677,mandelbrot_omp_padrao_8192.exe
"medicao|openmp|padrao|10033|t6|dynamic,1|r3",2026-09-20T23:02:07,padrao,medicao,3,openmp,6,dynamic,1,10033,10033,1000,-2,1,-1.5,1.5,7.705000162,0.296000004,7.705000162,7.705000162,7.705000162,0.000000,2887078724,2895955795.500,2901285262,6,dynamic,1,6c6ceaa109c8b07bf308e44fca489207ceb2270fbdf98d21894a226e1677ac11,True,True,8.042,mandelbrot_omp_padrao_10033.exe
"medicao|openmp|padrao|11585|t8|dynamic,1|r3",2026-09-20T23:02:16,padrao,medicao,3,openmp,8,dynamic,1,11585,11585,1000,-2,1,-1.5,1.5,7.847000122,0.362999916,7.845999956,7.845999956,7.845999956,0.000000,2891123343,2895976715.500,2900814882,8,dynamic,1,077a73203df502fc4580d5b0d43e5f2ca0748013bf0e7dacda41a3d715f52e97,True,True,8.264,mandelbrot_omp_padrao_11585.exe
"medicao|openmp|padrao|5793|t2|dynamic,1|r4",2026-09-20T23:02:24,padrao,medicao,4,openmp,2,dynamic,1,5793,5793,1000,-2,1,-1.5,1.5,7.178999901,0.088999987,7.178999901,7.178999901,7.178999901,0.000000,2895919463,2896252301.500,2896585140,2,dynamic,1,6dc569a441cbb77d04f4324004ea2e2c4e295c36b9f92768035b43d3ec6f25e9,True,True,7.291,mandelbrot_omp_padrao_5793.exe
"medicao|openmp|padrao|8192|t4|dynamic,1|r4",2026-09-20T23:02:31,padrao,medicao,4,openmp,4,dynamic,1,8192,8192,1000,-2,1,-1.5,1.5,7.491000175,0.174000025,7.491000175,7.491000175,7.491000175,0.000000,2892673084,2895601482.500,2900233007,4,dynamic,1,d213e5de279135cd5af926ed24fceba7e82185c40620ee8b1d680bf4e631e4c8,True,True,7.699,mandelbrot_omp_padrao_8192.exe
"medicao|openmp|padrao|10033|t6|dynamic,1|r4",2026-09-20T23:02:40,padrao,medicao,4,openmp,6,dynamic,1,10033,10033,1000,-2,1,-1.5,1.5,7.737999916,0.303999901,7.736999989,7.736999989,7.736999989,0.000000,2893273489,2895955795.500,2897205005,6,dynamic,1,6c6ceaa109c8b07bf308e44fca489207ceb2270fbdf98d21894a226e1677ac11,True,True,8.084,mandelbrot_omp_padrao_10033.exe
"medicao|openmp|padrao|11585|t8|dynamic,1|r4",2026-09-20T23:02:49,padrao,medicao,4,openmp,8,dynamic,1,11585,11585,1000,-2,1,-1.5,1.5,7.844000101,0.363999844,7.843000174,7.843750119,7.844000101,0.000127,2891519424,2895976715.500,2900272055,8,dynamic,1,077a73203df502fc4580d5b0d43e5f2ca0748013bf0e7dacda41a3d715f52e97,True,True,8.264,mandelbrot_omp_padrao_11585.exe
"medicao|openmp|padrao|5793|t2|dynamic,1|r5",2026-09-20T23:02:56,padrao,medicao,5,openmp,2,dynamic,1,5793,5793,1000,-2,1,-1.5,1.5,7.199999809,0.085000038,7.198999882,7.198999882,7.198999882,0.000000,2895974537,2896252301.500,2896530066,2,dynamic,1,6dc569a441cbb77d04f4324004ea2e2c4e295c36b9f92768035b43d3ec6f25e9,True,True,7.309,mandelbrot_omp_padrao_5793.exe
"medicao|openmp|padrao|8192|t4|dynamic,1|r5",2026-09-20T23:03:04,padrao,medicao,5,openmp,4,dynamic,1,8192,8192,1000,-2,1,-1.5,1.5,7.483999968,0.189000130,7.483999968,7.483999968,7.483999968,0.000000,2891875610,2895601482.500,2897942747,4,dynamic,1,d213e5de279135cd5af926ed24fceba7e82185c40620ee8b1d680bf4e631e4c8,True,True,7.704,mandelbrot_omp_padrao_8192.exe
"medicao|openmp|padrao|10033|t6|dynamic,1|r5",2026-09-20T23:03:13,padrao,medicao,5,openmp,6,dynamic,1,10033,10033,1000,-2,1,-1.5,1.5,7.721000195,0.299000025,7.721000195,7.721000195,7.721000195,0.000000,2889958236,2895955795.500,2899564505,6,dynamic,1,6c6ceaa109c8b07bf308e44fca489207ceb2270fbdf98d21894a226e1677ac11,True,True,8.062,mandelbrot_omp_padrao_10033.exe
"medicao|openmp|padrao|11585|t8|dynamic,1|r5",2026-09-20T23:03:21,padrao,medicao,5,openmp,8,dynamic,1,11585,11585,1000,-2,1,-1.5,1.5,7.861999989,0.363000154,7.860999823,7.860999823,7.860999823,0.000000,2890767391,2895976715.500,2899555448,8,dynamic,1,077a73203df502fc4580d5b0d43e5f2ca0748013bf0e7dacda41a3d715f52e97,True,True,8.281,mandelbrot_omp_padrao_11585.exe
